Lufthygienisches;Ueberwachungssystem;Niedersachsen;;;;;;;;;;;;
Osnabrueck;;Pressure;;;Wind;;;;;;;;;
Date;Time;hPa;Status;Degrees;Status;m/s;Status;
14.02.2025;01:00;1009.4;;343.6;;1.54;;
14.02.2025;02:00;1010.0;;357.1;;1.58;;
14.02.2025;03:00;1010.0;;1.0;;1.49;;
14.02.2025;04:00;1010.0;;356.6;;1.58;;
14.02.2025;05:00;1010.8;;11.0;;1.74;;
14.02.2025;06:00;1011.0;;20.1;;1.62;;
14.02.2025;07:00;1011.8;;18.7;;1.56;;
14.02.2025;08:00;1012.0;;16.9;;1.58;;
14.02.2025;09:00;1012.9;;21.4;;1.30;;
14.02.2025;10:00;1013.0;;38.6;;1.37;;
14.02.2025;11:00;1013.7;;33.0;;1.37;;
14.02.2025;12:00;1014.0;;34.8;;1.42;;
14.02.2025;13:00;1014.0;;53.1;;1.28;;
14.02.2025;14:00;1014.0;;55.8;;0.88;;
14.02.2025;15:00;1014.0;;66.6;;0.72;;
14.02.2025;16:00;1014.0;;32.6;;0.64;;
14.02.2025;17:00;1014.0;;39.1;;0.79;;
14.02.2025;18:00;1014.0;;29.3;;0.95;;
14.02.2025;19:00;1014.3;;60.9;;1.26;;
14.02.2025;20:00;1015.0;;93.3;;1.19;;
14.02.2025;21:00;1015.0;;92.4;;1.34;;
14.02.2025;22:00;1015.0;;105.1;;0.87;;
14.02.2025;23:00;1015.0;;152.0;;0.29;;
15.02.2025;00:00;1014.7;;66.9;;0.10;;
15.02.2025;01:00;1014.0;;96.0;;0.31;;
15.02.2025;02:00;1014.0;;101.0;;0.42;;
15.02.2025;03:00;1013.2;;79.1;;0.40;;
15.02.2025;04:00;1012.3;;137.6;;0.57;;
15.02.2025;05:00;1012.0;;113.9;;0.23;;
15.02.2025;06:00;1012.0;;3.8;;0.30;;
15.02.2025;07:00;1012.0;;327.0;;0.24;;
15.02.2025;08:00;1012.0;;72.1;;0.17;;
15.02.2025;09:00;1012.0;;167.6;;0.51;;
15.02.2025;10:00;1012.0;;133.3;;0.28;;
15.02.2025;11:00;1011.5;;122.1;;0.23;;
15.02.2025;12:00;1011.0;;136.7;;0.23;;
15.02.2025;13:00;1010.5;;96.5;;1.10;;
15.02.2025;14:00;1010.0;;114.2;;1.07;;
15.02.2025;15:00;1009.1;;166.1;;1.23;;
15.02.2025;16:00;1009.0;;162.0;;1.04;;
15.02.2025;17:00;1009.0;;146.6;;0.96;;
15.02.2025;18:00;1009.0;;102.6;;1.29;;
15.02.2025;19:00;1009.0;;88.3;;1.56;;
15.02.2025;20:00;1009.0;;90.6;;1.69;;
15.02.2025;21:00;1009.0;;92.9;;1.84;;
15.02.2025;22:00;1009.0;;96.7;;1.61;;
15.02.2025;23:00;1009.0;;95.7;;1.71;;
16.02.2025;00:00;1009.0;;87.3;;1.59;;
16.02.2025;01:00;1009.0;;88.6;;1.61;;
16.02.2025;02:00;1009.0;;84.5;;1.67;;
16.02.2025;03:00;1009.0;;86.3;;1.46;;
16.02.2025;04:00;1009.0;;89.3;;1.11;;
16.02.2025;05:00;1009.0;;102.7;;1.41;;
16.02.2025;06:00;1009.0;;96.8;;0.62;;
16.02.2025;07:00;1009.0;;95.5;;0.81;;
16.02.2025;08:00;1009.0;;236.3;;0.24;;
16.02.2025;09:00;1010.0;;45.6;;0.17;;
16.02.2025;10:00;1010.0;;78.4;;1.24;;
16.02.2025;11:00;1010.0;;67.7;;1.51;;
16.02.2025;12:00;1010.0;;76.0;;2.47;;
16.02.2025;13:00;1010.0;;76.2;;2.36;;
16.02.2025;14:00;1010.0;;81.1;;2.90;;
16.02.2025;15:00;1010.0;;71.7;;2.70;;
16.02.2025;16:00;1010.0;;98.2;;2.48;;
16.02.2025;17:00;1010.0;;86.7;;2.45;;
16.02.2025;18:00;1010.1;;95.1;;1.87;;
16.02.2025;19:00;1011.0;;94.4;;1.59;;
16.02.2025;20:00;1011.0;;95.6;;1.18;;
16.02.2025;21:00;1011.0;;94.4;;1.30;;
16.02.2025;22:00;1011.0;;92.6;;1.91;;
16.02.2025;23:00;1011.0;;98.7;;1.68;;
17.02.2025;00:00;1011.0;;99.3;;1.79;;
17.02.2025;01:00;1011.0;;97.5;;1.45;;
17.02.2025;02:00;1011.0;;93.0;;1.55;;
17.02.2025;03:00;1011.0;;90.4;;1.39;;
17.02.2025;04:00;1011.7;;97.1;;1.14;;
17.02.2025;05:00;1012.0;;96.4;;1.38;;
17.02.2025;06:00;1012.0;;92.9;;1.24;;
17.02.2025;07:00;1011.7;;90.8;;1.43;;
17.02.2025;08:00;1011.3;;85.6;;1.65;;
17.02.2025;09:00;1012.0;;81.5;;1.17;;
17.02.2025;10:00;1012.0;;90.2;;1.78;;
17.02.2025;11:00;1012.0;;93.4;;2.34;;
17.02.2025;12:00;1012.0;;93.1;;2.53;;
17.02.2025;13:00;1012.0;;95.2;;2.31;;
17.02.2025;14:00;1012.0;;87.2;;2.77;;
17.02.2025;15:00;1011.3;;97.2;;2.38;;
17.02.2025;16:00;1011.0;;87.8;;1.80;;
17.02.2025;17:00;1011.0;;78.8;;2.64;;
17.02.2025;18:00;1011.0;;93.0;;2.57;;
17.02.2025;19:00;1011.0;;89.7;;2.38;;
17.02.2025;20:00;1011.5;;96.4;;2.03;;
17.02.2025;21:00;1012.0;;102.2;;1.46;;
17.02.2025;22:00;1012.0;;90.1;;2.27;;
17.02.2025;23:00;1012.5;;91.0;;2.01;;
18.02.2025;00:00;1013.0;;92.6;;1.65;;
18.02.2025;01:00;1013.0;;94.4;;1.66;;
18.02.2025;02:00;1013.0;;93.7;;1.59;;
18.02.2025;03:00;1013.0;;95.6;;1.61;;
18.02.2025;04:00;1013.0;;89.4;;1.75;;
18.02.2025;05:00;1013.0;;91.9;;1.51;;
18.02.2025;06:00;1013.5;;93.6;;1.86;;
18.02.2025;07:00;1014.0;;97.9;;2.07;;
18.02.2025;08:00;1014.0;;96.2;;2.45;;
18.02.2025;09:00;1014.0;;103.2;;2.59;;
18.02.2025;10:00;1014.1;;110.8;;1.99;;
18.02.2025;11:00;1015.0;;115.9;;2.03;;
18.02.2025;12:00;1015.0;;102.2;;2.92;;
18.02.2025;13:00;1015.0;;106.6;;2.70;;
18.02.2025;14:00;1014.7;;99.6;;3.19;;
18.02.2025;15:00;1014.0;;104.9;;3.18;;
18.02.2025;16:00;1013.7;;99.3;;3.28;;
18.02.2025;17:00;1014.0;;101.3;;2.86;;
18.02.2025;18:00;1014.0;;98.3;;2.57;;
18.02.2025;19:00;1014.0;;94.9;;2.93;;
18.02.2025;20:00;1014.0;;101.2;;2.95;;
18.02.2025;21:00;1014.0;;101.9;;2.73;;
18.02.2025;22:00;1014.0;;97.7;;2.30;;
18.02.2025;23:00;1014.0;;101.6;;2.44;;
19.02.2025;00:00;1014.0;;99.4;;2.69;;
19.02.2025;01:00;1014.0;;99.7;;2.81;;
19.02.2025;02:00;1014.0;;99.6;;2.32;;
19.02.2025;03:00;1014.0;;102.1;;2.54;;
19.02.2025;04:00;1013.0;;105.1;;2.30;;
19.02.2025;05:00;1013.0;;98.6;;2.64;;
19.02.2025;06:00;1013.0;;99.6;;2.83;;
19.02.2025;07:00;1013.0;;99.8;;2.59;;
19.02.2025;08:00;1012.9;;102.0;;3.13;;
19.02.2025;09:00;1012.3;;103.1;;3.27;;
19.02.2025;10:00;1012.0;;109.9;;2.98;;
19.02.2025;11:00;1012.0;;115.0;;3.03;;
19.02.2025;12:00;1012.0;;110.5;;3.35;;
19.02.2025;13:00;1011.6;;113.0;;3.23;;
19.02.2025;14:00;1011.0;;104.3;;3.85;;
19.02.2025;15:00;1010.0;;110.6;;3.38;;
19.02.2025;16:00;1010.0;;110.2;;2.82;;
19.02.2025;17:00;1009.9;;110.0;;2.70;;
19.02.2025;18:00;1009.1;;98.7;;2.22;;
19.02.2025;19:00;1009.8;;99.1;;2.01;;
19.02.2025;20:00;1010.0;;109.8;;2.42;;
19.02.2025;21:00;1009.6;;109.0;;2.32;;
19.02.2025;22:00;1009.7;;115.4;;1.59;;
19.02.2025;23:00;1009.0;;113.6;;1.20;;
20.02.2025;00:00;1009.0;;120.2;;1.18;;
20.02.2025;01:00;1009.0;;107.3;;1.49;;
20.02.2025;02:00;1009.0;;98.3;;1.95;;
20.02.2025;03:00;1009.0;;102.8;;1.32;;
20.02.2025;04:00;1008.5;;93.5;;1.32;;
20.02.2025;05:00;1008.0;;93.3;;1.07;;
20.02.2025;06:00;1008.0;;99.6;;1.32;;
20.02.2025;07:00;1007.6;;111.4;;1.14;;
20.02.2025;08:00;1008.0;;102.0;;0.79;;
20.02.2025;09:00;1008.0;;117.5;;1.29;;
20.02.2025;10:00;1008.0;;131.2;;1.06;;
20.02.2025;11:00;1008.0;;168.7;;1.56;;
20.02.2025;12:00;1008.0;;182.4;;1.73;;
20.02.2025;13:00;1008.0;;156.8;;1.28;;
20.02.2025;14:00;1008.0;;168.5;;1.69;;
20.02.2025;15:00;1007.3;;160.2;;1.71;;
20.02.2025;16:00;1007.0;;162.7;;1.94;;
20.02.2025;17:00;1007.0;;178.3;;1.46;;
20.02.2025;18:00;1007.1;;161.1;;1.58;;
20.02.2025;19:00;1007.9;;181.8;;1.41;;
20.02.2025;20:00;1008.0;;194.4;;1.76;;
20.02.2025;21:00;1007.2;;200.5;;2.07;;
20.02.2025;22:00;1007.0;;208.1;;2.34;;
20.02.2025;23:00;1007.9;;213.8;;1.66;;
21.02.2025;00:00;1008.1;;213.3;;1.77;;
21.02.2025;01:00;1008.0;;214.5;;2.01;;
21.02.2025;02:00;1008.7;;209.4;;1.98;;
21.02.2025;03:00;1008.0;;211.0;;1.93;;
21.02.2025;04:00;1008.0;;212.4;;2.23;;
21.02.2025;05:00;1008.0;;207.9;;1.55;;
21.02.2025;06:00;1008.0;;180.3;;1.42;;
21.02.2025;07:00;1007.2;;204.8;;1.96;;
21.02.2025;08:00;1007.0;;192.4;;1.98;;
21.02.2025;09:00;1008.0;;194.4;;1.79;;
21.02.2025;10:00;1007.8;;179.4;;2.23;;
21.02.2025;11:00;1007.0;;184.8;;1.98;;
21.02.2025;12:00;1007.0;;196.0;;2.25;;
21.02.2025;13:00;1006.8;;180.2;;1.73;;
21.02.2025;14:00;1006.0;;178.7;;2.08;;
21.02.2025;15:00;1005.4;;173.9;;2.38;;
21.02.2025;16:00;1004.9;;173.6;;2.87;;
21.02.2025;17:00;1004.0;;174.6;;2.49;;
21.02.2025;18:00;1004.0;;145.2;;1.51;;
21.02.2025;19:00;1003.6;;144.3;;2.10;;
21.02.2025;20:00;1003.0;;157.8;;2.94;;
21.02.2025;21:00;1003.1;;166.7;;3.30;;
21.02.2025;22:00;1003.0;;169.9;;3.61;;
21.02.2025;23:00;1003.0;;170.3;;3.39;;
22.02.2025;00:00;1002.3;;171.6;;3.40;;
22.02.2025;01:00;1002.0;;164.1;;2.48;;
22.02.2025;02:00;1002.0;;140.2;;1.73;;
22.02.2025;03:00;1001.2;;151.4;;1.61;;
22.02.2025;04:00;1000.6;;105.2;;1.16;;
22.02.2025;05:00;1000.0;;97.1;;0.89;;
22.02.2025;06:00;1000.0;;144.4;;1.19;;
22.02.2025;07:00;1000.0;;170.3;;2.32;;
22.02.2025;08:00;1000.2;;195.5;;2.08;;
22.02.2025;09:00;1001.0;;203.9;;1.97;;
22.02.2025;10:00;1001.0;;212.6;;1.67;;
22.02.2025;11:00;1001.0;;202.5;;1.57;;
22.02.2025;12:00;1001.0;;206.8;;2.44;;
22.02.2025;13:00;1001.0;;210.1;;2.41;;
22.02.2025;14:00;1001.0;;216.1;;1.60;;
22.02.2025;15:00;1001.5;;228.2;;1.17;;
22.02.2025;16:00;1002.0;;220.0;;1.49;;
22.02.2025;17:00;1002.0;;217.4;;1.33;;
22.02.2025;18:00;1002.1;;209.5;;1.88;;
22.02.2025;19:00;1003.0;;202.4;;1.68;;
22.02.2025;20:00;1003.4;;213.5;;1.89;;
22.02.2025;21:00;1004.3;;244.3;;1.21;;
22.02.2025;22:00;1005.2;;242.1;;1.21;;
22.02.2025;23:00;1006.3;;262.1;;1.53;;
23.02.2025;00:00;1007.5;;281.6;;1.65;;
23.02.2025;01:00;1008.5;;267.8;;1.13;;
23.02.2025;02:00;1009.2;;264.2;;0.98;;
23.02.2025;03:00;1010.0;;255.4;;0.90;;
23.02.2025;04:00;1010.8;;245.4;;1.00;;
23.02.2025;05:00;1011.1;;245.4;;1.07;;
23.02.2025;06:00;1012.0;;247.8;;0.91;;
23.02.2025;07:00;1012.0;;237.2;;0.76;;
23.02.2025;08:00;1012.7;;215.8;;0.98;;
23.02.2025;09:00;1013.4;;238.1;;1.09;;
23.02.2025;10:00;1014.0;;237.5;;1.24;;
23.02.2025;11:00;1014.0;;244.0;;1.10;;
23.02.2025;12:00;1014.0;;234.0;;1.37;;
23.02.2025;13:00;1014.7;;240.2;;1.55;;
23.02.2025;14:00;1014.0;;241.9;;1.60;;
23.02.2025;15:00;1013.6;;233.6;;1.70;;
23.02.2025;16:00;1013.0;;239.7;;1.60;;
23.02.2025;17:00;1012.6;;226.7;;1.45;;
23.02.2025;18:00;1012.0;;199.6;;1.14;;
23.02.2025;19:00;1012.0;;155.6;;1.11;;
23.02.2025;20:00;1012.0;;167.2;;1.56;;
23.02.2025;21:00;1012.0;;172.0;;1.59;;
23.02.2025;22:00;1012.0;;202.5;;1.75;;
23.02.2025;23:00;1011.1;;189.4;;1.75;;
24.02.2025;00:00;1011.0;;197.9;;1.93;;
24.02.2025;01:00;1010.2;;188.0;;1.89;;
24.02.2025;02:00;1009.8;;171.9;;2.38;;
24.02.2025;03:00;;*;;*;;*;
24.02.2025;04:00;1008.1;;202.5;;2.35;;
24.02.2025;05:00;1007.5;;183.0;;2.16;;
24.02.2025;06:00;1006.9;;188.3;;2.26;;
24.02.2025;07:00;1006.0;;191.6;;2.29;;
24.02.2025;08:00;1006.0;;184.7;;2.45;;
24.02.2025;09:00;1005.2;;190.8;;2.27;;
24.02.2025;10:00;1004.9;;203.6;;2.63;;
24.02.2025;11:00;1004.0;;210.1;;2.77;;
24.02.2025;12:00;1004.0;;201.7;;2.55;;
24.02.2025;13:00;1003.0;;208.9;;2.54;;
24.02.2025;14:00;1002.0;;204.7;;2.93;;
24.02.2025;15:00;1001.3;;213.0;;2.76;;
24.02.2025;16:00;1001.0;;212.2;;2.58;;
24.02.2025;17:00;1000.9;;217.8;;2.33;;
24.02.2025;18:00;1000.7;;225.6;;1.71;;
24.02.2025;19:00;1001.0;;238.1;;1.54;;
24.02.2025;20:00;1001.0;;228.2;;2.31;;
24.02.2025;21:00;1001.0;;231.5;;1.86;;
24.02.2025;22:00;1001.0;;246.0;;1.28;;
24.02.2025;23:00;1001.0;;237.0;;1.11;;
25.02.2025;00:00;1001.0;;231.0;;1.21;;
25.02.2025;01:00;1001.0;;241.1;;1.22;;
25.02.2025;02:00;1001.0;;241.0;;1.16;;
25.02.2025;03:00;1001.0;;232.5;;1.05;;
25.02.2025;04:00;1001.0;;230.1;;1.08;;
25.02.2025;05:00;1001.0;;231.5;;1.40;;
25.02.2025;06:00;1001.0;;227.4;;1.35;;
25.02.2025;07:00;1001.0;;222.9;;1.17;;
25.02.2025;08:00;1001.0;;211.4;;1.34;;
25.02.2025;09:00;1001.0;;222.5;;1.03;;
25.02.2025;10:00;1001.0;;231.2;;1.13;;
25.02.2025;11:00;1001.0;;249.7;;0.83;;
25.02.2025;12:00;1000.6;;228.7;;0.82;;
25.02.2025;13:00;999.9;;183.4;;1.50;;
25.02.2025;14:00;999.1;;225.7;;1.02;;
25.02.2025;15:00;999.0;;240.1;;0.71;;
25.02.2025;16:00;999.0;;289.5;;0.84;;
25.02.2025;17:00;999.0;;289.1;;0.48;;
25.02.2025;18:00;999.0;;330.2;;0.61;;
25.02.2025;19:00;999.0;;109.6;;0.70;;
25.02.2025;20:00;999.0;;46.5;;0.75;;
25.02.2025;21:00;999.0;;64.6;;0.76;;
25.02.2025;22:00;999.0;;81.4;;0.88;;
25.02.2025;23:00;999.0;;56.0;;0.86;;
26.02.2025;00:00;999.0;;42.0;;0.72;;
26.02.2025;01:00;999.0;;358.0;;0.81;;
26.02.2025;02:00;999.0;;354.5;;0.48;;
26.02.2025;03:00;999.0;;338.2;;0.63;;
26.02.2025;04:00;999.0;;323.5;;0.80;;
26.02.2025;05:00;999.0;;313.1;;1.18;;
26.02.2025;06:00;999.1;;326.1;;0.60;;
26.02.2025;07:00;1000.0;;304.8;;1.04;;
26.02.2025;08:00;1000.3;;311.0;;1.53;;
26.02.2025;09:00;1001.0;;317.5;;2.01;;
26.02.2025;10:00;1001.9;;317.4;;1.91;;
26.02.2025;11:00;1002.0;;312.9;;1.65;;
26.02.2025;12:00;1002.8;;307.4;;1.50;;
26.02.2025;13:00;1003.0;;295.1;;1.25;;
26.02.2025;14:00;1002.9;;264.7;;0.93;;
26.02.2025;15:00;1002.0;;232.1;;1.09;;
26.02.2025;16:00;1002.0;;220.5;;1.17;;
26.02.2025;17:00;1002.0;;207.3;;1.29;;
26.02.2025;18:00;1002.0;;176.6;;1.71;;
26.02.2025;19:00;1002.0;;172.8;;1.62;;
26.02.2025;20:00;1002.0;;172.3;;2.09;;
26.02.2025;21:00;1001.7;;170.7;;2.03;;
26.02.2025;22:00;1001.0;;171.5;;2.21;;
26.02.2025;23:00;1001.0;;174.0;;2.35;;
27.02.2025;00:00;1000.4;;177.0;;2.33;;
27.02.2025;01:00;1000.0;;177.9;;2.32;;
27.02.2025;02:00;999.2;;169.2;;1.78;;
27.02.2025;03:00;999.0;;185.2;;2.22;;
27.02.2025;04:00;998.5;;192.6;;2.29;;
27.02.2025;05:00;998.3;;208.6;;2.00;;
27.02.2025;06:00;998.5;;220.9;;1.49;;
27.02.2025;07:00;998.9;;238.3;;1.18;;
27.02.2025;08:00;999.0;;233.2;;1.05;;
27.02.2025;09:00;999.8;;234.0;;1.19;;
27.02.2025;10:00;1000.0;;241.4;;1.06;;
27.02.2025;11:00;1000.7;;242.2;;1.12;;
27.02.2025;12:00;1001.0;;243.1;;1.04;;
27.02.2025;13:00;1001.0;;266.3;;1.09;;
27.02.2025;14:00;1001.0;;253.9;;1.01;;
27.02.2025;15:00;1001.0;;271.4;;1.09;;
27.02.2025;16:00;1001.2;;306.4;;0.83;;
27.02.2025;17:00;1002.0;;249.0;;0.73;;
27.02.2025;18:00;1002.0;;238.8;;0.82;;
27.02.2025;19:00;1002.4;;201.4;;0.95;;
27.02.2025;20:00;1003.0;;157.3;;0.59;;
27.02.2025;21:00;1003.2;;209.4;;1.16;;
27.02.2025;22:00;1004.0;;228.3;;0.70;;
27.02.2025;23:00;1004.0;;297.2;;0.22;;
28.02.2025;00:00;1004.8;;85.3;;0.49;;
28.02.2025;01:00;1005.0;;139.6;;0.50;;
28.02.2025;02:00;1005.3;;111.3;;0.45;;
28.02.2025;03:00;1006.0;;316.6;;0.14;;
28.02.2025;04:00;1006.0;;299.6;;0.39;;
28.02.2025;05:00;1006.1;;315.1;;0.77;;
28.02.2025;06:00;1007.0;;331.7;;1.17;;
28.02.2025;07:00;1007.0;;329.1;;1.06;;
28.02.2025;08:00;1007.9;;344.4;;1.43;;
28.02.2025;09:00;1008.8;;340.5;;1.77;;
28.02.2025;10:00;1009.4;;344.9;;2.03;;
28.02.2025;11:00;1010.0;;3.8;;1.71;;
28.02.2025;12:00;1010.3;;354.6;;1.80;;
28.02.2025;13:00;1011.0;;347.5;;2.23;;
28.02.2025;14:00;1011.0;;347.5;;2.32;;
28.02.2025;15:00;1011.0;;353.7;;2.12;;
28.02.2025;16:00;1011.0;;4.9;;1.69;;
28.02.2025;17:00;1011.6;;351.5;;2.06;;
28.02.2025;18:00;1012.0;;346.9;;2.09;;
28.02.2025;19:00;1012.7;;355.0;;1.83;;
28.02.2025;20:00;1013.0;;359.0;;1.78;;
28.02.2025;21:00;1013.0;;351.1;;1.35;;
28.02.2025;22:00;1013.8;;351.3;;1.19;;
28.02.2025;23:00;1014.0;;16.1;;1.63;;
01.03.2025;00:00;1014.0;;15.2;;1.79;;
01.03.2025;01:00;1014.9;;25.1;;1.40;;
01.03.2025;02:00;1015.0;;7.1;;1.06;;
01.03.2025;03:00;1015.0;;40.3;;0.92;;
01.03.2025;04:00;1015.0;;51.4;;0.79;;
01.03.2025;05:00;1015.5;;6.1;;0.76;;
01.03.2025;06:00;1016.0;;336.6;;0.55;;
01.03.2025;07:00;1016.0;;342.3;;0.96;;
01.03.2025;08:00;1016.9;;342.6;;0.89;;
01.03.2025;09:00;1017.6;;25.7;;0.83;;
01.03.2025;10:00;1018.0;;26.8;;0.99;;
01.03.2025;11:00;1018.9;;16.6;;0.85;;
01.03.2025;12:00;1019.5;;353.9;;1.27;;
01.03.2025;13:00;1019.4;;34.9;;1.06;;
01.03.2025;14:00;1019.0;;46.3;;1.32;;
01.03.2025;15:00;1019.0;;15.7;;1.32;;
01.03.2025;16:00;1019.1;;6.2;;1.82;;
01.03.2025;17:00;1020.0;;8.0;;1.51;;
01.03.2025;18:00;1020.0;;12.5;;1.63;;
01.03.2025;19:00;1020.1;;2.8;;1.19;;
01.03.2025;20:00;1021.0;;353.3;;0.68;;
01.03.2025;21:00;1021.0;;258.5;;0.19;;
01.03.2025;22:00;1021.0;;256.3;;0.24;;
01.03.2025;23:00;1021.0;;239.3;;0.28;;
02.03.2025;00:00;1021.5;;302.8;;0.23;;
02.03.2025;01:00;1021.3;;148.5;;0.34;;
02.03.2025;02:00;1021.0;;207.5;;0.30;;
02.03.2025;03:00;1021.0;;270.3;;0.31;;
02.03.2025;04:00;1021.3;;302.7;;0.31;;
02.03.2025;05:00;1021.1;;228.4;;0.46;;
02.03.2025;06:00;1021.0;;207.4;;0.37;;
02.03.2025;07:00;1021.0;;86.4;;0.25;;
02.03.2025;08:00;1021.1;;79.7;;0.22;;
02.03.2025;09:00;1022.0;;100.6;;0.41;;
02.03.2025;10:00;1022.0;;271.9;;0.38;;
02.03.2025;11:00;1022.0;;299.7;;1.03;;
02.03.2025;12:00;1021.5;;298.6;;0.78;;
02.03.2025;13:00;1021.0;;289.4;;0.89;;
02.03.2025;14:00;1020.4;;280.0;;0.89;;
02.03.2025;15:00;1020.0;;314.7;;1.09;;
02.03.2025;16:00;1019.6;;297.8;;0.97;;
02.03.2025;17:00;1019.0;;288.2;;0.81;;
02.03.2025;18:00;1019.0;;330.2;;1.18;;
02.03.2025;19:00;1019.0;;321.7;;0.92;;
02.03.2025;20:00;1019.0;;237.1;;0.65;;
02.03.2025;21:00;1018.3;;191.4;;0.81;;
02.03.2025;22:00;1018.0;;143.8;;0.63;;
02.03.2025;23:00;1018.0;;117.9;;0.27;;
03.03.2025;00:00;1017.3;;320.6;;0.37;;
03.03.2025;01:00;1017.0;;106.6;;0.48;;
03.03.2025;02:00;1017.0;;144.2;;0.23;;
03.03.2025;03:00;1017.0;;94.9;;0.41;;
03.03.2025;04:00;1016.3;;141.6;;0.48;;
03.03.2025;05:00;1016.0;;122.5;;0.58;;
03.03.2025;06:00;1016.0;;135.1;;0.43;;
03.03.2025;07:00;1016.0;;114.1;;0.29;;
03.03.2025;08:00;1016.0;;26.7;;0.14;;
03.03.2025;09:00;1016.2;;68.3;;0.37;;
03.03.2025;10:00;1016.6;;56.5;;0.67;;
03.03.2025;11:00;1016.7;;323.2;;0.57;;
03.03.2025;12:00;1016.4;;293.2;;0.67;;
03.03.2025;13:00;1016.0;;295.9;;0.97;;
03.03.2025;14:00;1015.7;;309.3;;1.22;;
03.03.2025;15:00;1015.0;;272.9;;0.64;;
03.03.2025;16:00;1014.8;;284.9;;0.68;;
03.03.2025;17:00;1014.0;;279.9;;0.72;;
03.03.2025;18:00;1014.0;;263.0;;0.67;;
03.03.2025;19:00;1014.0;;243.4;;0.63;;
03.03.2025;20:00;1014.0;;268.1;;0.28;;
03.03.2025;21:00;1014.0;;173.3;;0.27;;
03.03.2025;22:00;1014.8;;125.1;;0.55;;
03.03.2025;23:00;1014.6;;195.1;;0.21;;
04.03.2025;00:00;1014.0;;123.0;;0.22;;
04.03.2025;01:00;1014.0;;133.9;;0.26;;
04.03.2025;02:00;1014.0;;63.8;;0.35;;
04.03.2025;03:00;1013.1;;182.7;;0.11;;
04.03.2025;04:00;1013.0;;70.2;;0.58;;
04.03.2025;05:00;1013.0;;141.8;;0.66;;
04.03.2025;06:00;1013.0;;151.5;;0.40;;
04.03.2025;07:00;1013.0;;94.5;;0.71;;
04.03.2025;08:00;1013.0;;125.0;;0.55;;
04.03.2025;09:00;1013.0;;77.2;;0.51;;
04.03.2025;10:00;1013.0;;205.6;;0.36;;
04.03.2025;11:00;1013.0;;270.9;;0.59;;
04.03.2025;12:00;1013.3;;273.2;;1.03;;
04.03.2025;13:00;1013.2;;295.0;;0.84;;
04.03.2025;14:00;1012.7;;294.9;;1.17;;
04.03.2025;15:00;1012.0;;297.3;;1.22;;
04.03.2025;16:00;1012.0;;314.5;;1.70;;
04.03.2025;17:00;1012.0;;310.8;;0.79;;
04.03.2025;18:00;1011.3;;256.0;;0.60;;
04.03.2025;19:00;1011.0;;226.1;;0.61;;
04.03.2025;20:00;1010.5;;206.0;;1.01;;
04.03.2025;21:00;1010.0;;289.2;;0.34;;
04.03.2025;22:00;1010.1;;210.3;;0.36;;
04.03.2025;23:00;1010.8;;56.9;;0.26;;
05.03.2025;00:00;1011.0;;343.1;;0.23;;
05.03.2025;01:00;1011.0;;248.5;;0.52;;
05.03.2025;02:00;1011.0;;197.6;;0.47;;
05.03.2025;03:00;1010.4;;196.3;;1.15;;
05.03.2025;04:00;1010.0;;111.9;;0.44;;
05.03.2025;05:00;1010.0;;148.6;;0.32;;
05.03.2025;06:00;1009.9;;277.1;;0.46;;
05.03.2025;07:00;1009.9;;226.6;;1.22;;
05.03.2025;08:00;1009.6;;236.4;;1.34;;
05.03.2025;09:00;1010.0;;234.3;;1.06;;
05.03.2025;10:00;1010.5;;232.0;;1.39;;
05.03.2025;11:00;1010.2;;233.4;;1.53;;
05.03.2025;12:00;1010.0;;233.4;;1.36;;
05.03.2025;13:00;1010.0;;235.8;;1.21;;
05.03.2025;14:00;1009.2;;256.3;;1.09;;
05.03.2025;15:00;1009.0;;260.0;;1.29;;
05.03.2025;16:00;1009.0;;244.3;;1.23;;
05.03.2025;17:00;1008.1;;247.7;;1.02;;
05.03.2025;18:00;1008.0;;248.7;;0.75;;
05.03.2025;19:00;1008.0;;223.8;;0.65;;
05.03.2025;20:00;1008.0;;206.1;;1.08;;
05.03.2025;21:00;1008.0;;193.0;;1.18;;
05.03.2025;22:00;1008.0;;199.6;;1.47;;
05.03.2025;23:00;1008.0;;148.1;;0.41;;
06.03.2025;00:00;1008.0;;109.5;;0.40;;
06.03.2025;01:00;1007.9;;144.2;;0.46;;
06.03.2025;02:00;1007.0;;111.7;;0.47;;
06.03.2025;03:00;1007.0;;165.3;;0.22;;
06.03.2025;04:00;1006.0;;328.0;;0.09;;
06.03.2025;05:00;1006.0;;18.9;;0.46;;
06.03.2025;06:00;1006.0;;95.8;;0.62;;
06.03.2025;07:00;1006.0;;101.8;;0.79;;
06.03.2025;08:00;1006.0;;112.4;;0.65;;
06.03.2025;09:00;1006.0;;133.5;;0.69;;
06.03.2025;10:00;1006.0;;163.2;;0.93;;
06.03.2025;11:00;1006.0;;217.4;;1.32;;
06.03.2025;12:00;1005.8;;221.9;;1.58;;
06.03.2025;13:00;1005.0;;222.5;;1.39;;
06.03.2025;14:00;1004.7;;222.9;;1.34;;
06.03.2025;15:00;1004.0;;229.1;;1.59;;
06.03.2025;16:00;1004.0;;256.4;;1.26;;
06.03.2025;17:00;1004.0;;231.7;;1.09;;
06.03.2025;18:00;1003.1;;210.9;;0.92;;
06.03.2025;19:00;1003.4;;187.2;;1.10;;
06.03.2025;20:00;1004.0;;187.4;;1.31;;
06.03.2025;21:00;1004.0;;173.7;;1.28;;
06.03.2025;22:00;1004.0;;177.1;;1.49;;
06.03.2025;23:00;1004.0;;175.9;;1.79;;
07.03.2025;00:00;1004.0;;181.0;;1.64;;
07.03.2025;01:00;1004.0;;177.4;;1.86;;
07.03.2025;02:00;1004.0;;179.5;;1.36;;
07.03.2025;03:00;1004.0;;188.1;;1.13;;
07.03.2025;04:00;1004.0;;200.6;;0.97;;
07.03.2025;05:00;1004.0;;207.9;;1.12;;
07.03.2025;06:00;1004.0;;102.9;;0.71;;
07.03.2025;07:00;1004.0;;120.9;;0.75;;
07.03.2025;08:00;1004.0;;112.8;;0.68;;
07.03.2025;09:00;1005.0;;113.4;;0.83;;
07.03.2025;10:00;1005.0;;201.5;;0.82;;
07.03.2025;11:00;1005.0;;238.6;;0.89;;
07.03.2025;12:00;1004.9;;212.4;;1.34;;
07.03.2025;13:00;1004.1;;199.8;;2.05;;
07.03.2025;14:00;1004.0;;193.8;;1.77;;
07.03.2025;15:00;1003.5;;217.8;;1.31;;
07.03.2025;16:00;1003.0;;208.8;;1.28;;
07.03.2025;17:00;1003.0;;210.7;;1.04;;
07.03.2025;18:00;1003.0;;226.4;;0.60;;
07.03.2025;19:00;1003.0;;143.3;;0.80;;
07.03.2025;20:00;1003.0;;129.2;;0.75;;
07.03.2025;21:00;1003.0;;126.1;;0.62;;
07.03.2025;22:00;1003.2;;104.9;;0.53;;
07.03.2025;23:00;1003.8;;138.2;;0.39;;
08.03.2025;00:00;1003.3;;91.2;;0.91;;
08.03.2025;01:00;1003.0;;89.4;;1.51;;
08.03.2025;02:00;1003.0;;91.7;;1.45;;
08.03.2025;03:00;1003.0;;88.8;;1.28;;
08.03.2025;04:00;1003.0;;88.7;;1.95;;
08.03.2025;05:00;1002.7;;92.4;;1.66;;
08.03.2025;06:00;1002.0;;90.4;;1.31;;
08.03.2025;07:00;1002.0;;88.4;;1.55;;
08.03.2025;08:00;1002.0;;89.0;;1.71;;
08.03.2025;09:00;1002.0;;80.4;;0.63;;
08.03.2025;10:00;1002.0;;83.1;;1.21;;
08.03.2025;11:00;1002.0;;88.5;;1.63;;
08.03.2025;12:00;1002.0;;89.7;;2.21;;
08.03.2025;13:00;1001.2;;92.9;;2.77;;
08.03.2025;14:00;1000.5;;89.9;;2.52;;
08.03.2025;15:00;999.7;;94.1;;2.72;;
08.03.2025;16:00;999.0;;96.3;;2.72;;
08.03.2025;17:00;998.9;;91.6;;2.96;;
08.03.2025;18:00;998.7;;89.8;;3.11;;
08.03.2025;19:00;998.7;;94.3;;3.01;;
08.03.2025;20:00;998.8;;92.3;;2.25;;
08.03.2025;21:00;998.6;;103.9;;2.25;;
08.03.2025;22:00;998.6;;91.3;;2.76;;
08.03.2025;23:00;998.6;;92.2;;2.61;;
09.03.2025;00:00;998.5;;101.5;;1.31;;
09.03.2025;01:00;998.0;;106.8;;1.01;;
09.03.2025;02:00;997.6;;82.1;;0.55;;
09.03.2025;03:00;997.1;;93.0;;0.57;;
09.03.2025;04:00;996.5;;81.2;;0.97;;
09.03.2025;05:00;996.3;;92.2;;0.94;;
09.03.2025;06:00;995.9;;105.5;;0.93;;
09.03.2025;07:00;995.5;;102.0;;0.99;;
09.03.2025;08:00;995.4;;84.8;;0.96;;
09.03.2025;09:00;995.4;;80.4;;1.16;;
09.03.2025;10:00;995.2;;74.4;;1.18;;
09.03.2025;11:00;994.9;;87.0;;1.52;;
09.03.2025;12:00;994.4;;86.4;;1.70;;
09.03.2025;13:00;993.8;;87.5;;1.80;;
09.03.2025;14:00;993.1;;73.7;;1.76;;
09.03.2025;15:00;992.4;;79.9;;1.88;;
09.03.2025;16:00;991.7;;72.5;;1.71;;
09.03.2025;17:00;991.3;;67.1;;1.56;;
09.03.2025;18:00;991.1;;72.1;;1.60;;
09.03.2025;19:00;991.1;;97.6;;1.21;;
09.03.2025;20:00;990.9;;101.0;;1.29;;
09.03.2025;21:00;990.6;;96.0;;1.15;;
09.03.2025;22:00;990.5;;105.5;;0.81;;
09.03.2025;23:00;990.5;;105.6;;0.47;;
10.03.2025;00:00;990.3;;96.7;;0.48;;
10.03.2025;01:00;990.1;;3.7;;0.14;;
10.03.2025;02:00;989.8;;133.4;;0.36;;
10.03.2025;03:00;989.3;;93.9;;0.62;;
10.03.2025;04:00;988.8;;127.9;;0.58;;
10.03.2025;05:00;988.6;;100.0;;0.36;;
10.03.2025;06:00;988.4;;105.0;;0.64;;
10.03.2025;07:00;988.3;;128.7;;0.26;;
10.03.2025;08:00;988.5;;88.9;;0.74;;
10.03.2025;09:00;989.0;;324.1;;0.32;;
10.03.2025;10:00;989.2;;25.6;;0.56;;
10.03.2025;11:00;989.0;;38.4;;0.38;;
10.03.2025;12:00;989.1;;45.3;;0.49;;
10.03.2025;13:00;989.0;;357.6;;0.74;;
10.03.2025;14:00;988.5;;349.0;;1.90;;
10.03.2025;15:00;988.2;;356.4;;2.01;;
10.03.2025;16:00;988.1;;0.1;;2.00;;
10.03.2025;17:00;988.1;;358.2;;1.69;;
10.03.2025;18:00;988.2;;346.7;;1.70;;
10.03.2025;19:00;988.6;;357.5;;1.37;;
10.03.2025;20:00;989.1;;355.6;;0.65;;
10.03.2025;21:00;989.3;;325.5;;1.24;;
10.03.2025;22:00;989.4;;343.0;;1.32;;
10.03.2025;23:00;989.6;;316.6;;0.87;;
11.03.2025;00:00;989.6;;254.0;;0.36;;
11.03.2025;01:00;989.5;;288.8;;0.32;;
11.03.2025;02:00;989.4;;309.6;;0.27;;
11.03.2025;03:00;989.3;;249.6;;0.34;;
11.03.2025;04:00;989.0;;272.6;;0.59;;
11.03.2025;05:00;988.6;;258.0;;0.50;;
11.03.2025;06:00;988.6;;276.8;;0.53;;
11.03.2025;07:00;988.9;;299.4;;0.99;;
11.03.2025;08:00;989.0;;331.2;;1.28;;
11.03.2025;09:00;989.2;;328.4;;1.39;;
11.03.2025;10:00;989.5;;315.5;;0.74;;
11.03.2025;11:00;989.5;;293.8;;0.78;;
11.03.2025;12:00;989.4;;303.7;;1.22;;
11.03.2025;13:00;989.2;;304.8;;1.22;;
11.03.2025;14:00;988.9;;306.1;;1.03;;
11.03.2025;15:00;988.6;;299.6;;0.94;;
11.03.2025;16:00;988.4;;302.1;;1.14;;
11.03.2025;17:00;988.2;;290.0;;1.08;;
11.03.2025;18:00;988.2;;274.6;;0.90;;
11.03.2025;19:00;988.3;;249.1;;0.81;;
11.03.2025;20:00;988.2;;246.8;;0.94;;
11.03.2025;21:00;988.2;;252.6;;0.96;;
11.03.2025;22:00;988.1;;263.1;;0.93;;
11.03.2025;23:00;988.1;;259.3;;0.89;;
12.03.2025;00:00;987.9;;264.6;;0.80;;
12.03.2025;01:00;987.6;;265.2;;0.76;;
12.03.2025;02:00;987.5;;253.3;;0.71;;
12.03.2025;03:00;987.1;;258.3;;0.76;;
12.03.2025;04:00;986.9;;246.1;;0.80;;
12.03.2025;05:00;986.8;;254.3;;0.79;;
12.03.2025;06:00;986.8;;260.2;;0.81;;
12.03.2025;07:00;986.8;;246.5;;0.78;;
12.03.2025;08:00;987.0;;228.0;;0.84;;
12.03.2025;09:00;987.0;;230.0;;1.07;;
12.03.2025;10:00;987.0;;275.1;;0.95;;
12.03.2025;11:00;987.0;;268.5;;1.01;;
12.03.2025;12:00;987.0;;257.9;;1.08;;
12.03.2025;13:00;986.9;;249.6;;1.07;;
12.03.2025;14:00;986.5;;254.3;;0.91;;
12.03.2025;15:00;986.1;;253.8;;1.02;;
12.03.2025;16:00;986.0;;285.6;;1.03;;
12.03.2025;17:00;985.9;;309.4;;1.14;;
12.03.2025;18:00;986.1;;276.2;;0.54;;
12.03.2025;19:00;986.3;;241.0;;0.76;;
12.03.2025;20:00;986.3;;194.7;;1.20;;
12.03.2025;21:00;986.2;;219.8;;0.81;;
12.03.2025;22:00;986.2;;232.7;;0.69;;
12.03.2025;23:00;986.2;;230.7;;0.89;;
13.03.2025;00:00;986.0;;245.0;;0.55;;
13.03.2025;01:00;985.9;;264.2;;0.11;;
13.03.2025;02:00;985.7;;255.9;;0.40;;
13.03.2025;03:00;985.5;;247.9;;0.39;;
13.03.2025;04:00;985.2;;235.2;;0.25;;
13.03.2025;05:00;985.0;;214.1;;0.27;;
13.03.2025;06:00;985.0;;256.2;;0.35;;
13.03.2025;07:00;985.0;;182.4;;0.46;;
13.03.2025;08:00;985.2;;123.0;;0.40;;
13.03.2025;09:00;985.5;;331.8;;0.31;;
13.03.2025;10:00;985.6;;314.4;;1.07;;
13.03.2025;11:00;985.7;;324.0;;1.82;;
13.03.2025;12:00;985.6;;329.7;;1.72;;
13.03.2025;13:00;985.6;;310.9;;1.28;;
13.03.2025;14:00;985.6;;325.9;;1.85;;
13.03.2025;15:00;985.8;;303.2;;1.42;;
13.03.2025;16:00;986.0;;296.9;;0.86;;
13.03.2025;17:00;986.2;;292.2;;1.01;;
13.03.2025;18:00;986.6;;325.8;;1.64;;
13.03.2025;19:00;987.2;;324.6;;1.88;;
13.03.2025;20:00;987.8;;319.8;;0.72;;
13.03.2025;21:00;988.3;;303.4;;0.75;;
13.03.2025;22:00;988.7;;352.4;;1.38;;
13.03.2025;23:00;989.1;;356.0;;1.10;;
14.03.2025;00:00;989.5;;344.9;;1.27;;
14.03.2025;01:00;989.8;;341.6;;1.15;;
14.03.2025;02:00;990.1;;307.6;;0.68;;
14.03.2025;03:00;990.4;;308.9;;0.71;;
14.03.2025;04:00;990.6;;300.3;;0.63;;
14.03.2025;05:00;990.9;;279.9;;0.47;;
14.03.2025;06:00;991.2;;269.8;;0.43;;
14.03.2025;07:00;992.0;;281.4;;0.52;;
14.03.2025;08:00;992.7;;274.4;;0.39;;
14.03.2025;09:00;993.4;;316.4;;0.70;;
14.03.2025;10:00;993.8;;352.8;;1.07;;
14.03.2025;11:00;994.3;;344.1;;1.46;;
14.03.2025;12:00;994.8;;332.8;;1.35;;
14.03.2025;13:00;995.2;;347.0;;1.42;;
14.03.2025;14:00;995.6;;346.0;;2.12;;
14.03.2025;15:00;996.0;;337.5;;1.35;;
14.03.2025;16:00;996.6;;346.2;;1.73;;
14.03.2025;17:00;997.1;;329.4;;1.67;;
14.03.2025;18:00;997.6;;347.5;;1.26;;
14.03.2025;19:00;998.3;;356.0;;1.84;;
14.03.2025;20:00;998.9;;9.4;;2.05;;
14.03.2025;21:00;999.5;;21.9;;1.17;;
14.03.2025;22:00;1000.0;;2.0;;1.10;;
14.03.2025;23:00;1000.9;;52.1;;0.67;;
15.03.2025;00:00;1001.0;;46.9;;0.70;;
15.03.2025;01:00;1001.5;;37.1;;1.14;;
15.03.2025;02:00;1002.0;;46.9;;1.70;;
15.03.2025;03:00;1002.0;;50.7;;1.48;;
15.03.2025;04:00;1002.5;;42.7;;1.52;;
15.03.2025;05:00;1003.0;;38.0;;1.76;;
15.03.2025;06:00;1003.5;;43.0;;1.67;;
15.03.2025;07:00;1004.3;;41.8;;1.53;;
15.03.2025;08:00;1005.0;;44.2;;2.05;;
15.03.2025;09:00;1005.9;;66.8;;2.37;;
15.03.2025;10:00;1006.0;;70.5;;3.19;;
15.03.2025;11:00;1006.7;;76.0;;3.07;;
15.03.2025;12:00;1006.1;;71.2;;2.90;;
15.03.2025;13:00;1006.1;;73.4;;3.00;;
15.03.2025;14:00;1006.1;;69.0;;2.68;;
15.03.2025;15:00;1006.0;;75.7;;2.77;;
15.03.2025;16:00;1006.0;;79.5;;2.67;;
15.03.2025;17:00;1006.0;;70.3;;2.96;;
15.03.2025;18:00;1006.0;;42.0;;1.88;;
15.03.2025;19:00;1006.0;;34.4;;2.06;;
15.03.2025;20:00;1006.4;;46.6;;1.64;;
15.03.2025;21:00;1007.0;;50.4;;1.45;;
15.03.2025;22:00;1007.0;;55.0;;1.19;;
15.03.2025;23:00;1007.0;;55.9;;1.04;;
16.03.2025;00:00;1007.0;;60.0;;0.84;;
16.03.2025;01:00;1007.0;;70.9;;1.05;;
16.03.2025;02:00;1007.0;;79.1;;0.92;;
16.03.2025;03:00;1007.1;;94.6;;0.92;;
16.03.2025;04:00;1007.0;;99.5;;0.64;;
16.03.2025;05:00;1007.0;;66.0;;0.84;;
16.03.2025;06:00;1007.4;;89.1;;0.78;;
16.03.2025;07:00;1008.0;;22.0;;0.69;;
16.03.2025;08:00;1008.0;;67.6;;0.33;;
16.03.2025;09:00;1008.7;;76.9;;0.58;;
16.03.2025;10:00;1009.0;;70.5;;0.71;;
16.03.2025;11:00;1009.0;;53.4;;1.33;;
16.03.2025;12:00;1009.0;;29.7;;1.46;;
16.03.2025;13:00;1008.2;;4.8;;1.24;;
16.03.2025;14:00;1008.0;;356.9;;1.84;;
16.03.2025;15:00;1008.0;;346.2;;2.25;;
16.03.2025;16:00;1007.2;;354.4;;2.12;;
16.03.2025;17:00;1007.0;;352.6;;2.53;;
16.03.2025;18:00;1007.7;;345.3;;2.34;;
16.03.2025;19:00;1008.0;;340.3;;2.07;;
16.03.2025;20:00;1008.2;;325.7;;1.39;;
16.03.2025;21:00;1009.0;;325.7;;1.78;;
16.03.2025;22:00;1009.0;;341.7;;1.94;;
16.03.2025;23:00;1009.7;;345.7;;1.49;;
17.03.2025;00:00;1010.0;;329.2;;1.00;;
17.03.2025;01:00;1010.3;;341.3;;1.67;;
17.03.2025;02:00;1011.0;;18.5;;1.88;;
17.03.2025;03:00;1011.0;;22.5;;1.19;;
17.03.2025;04:00;1011.7;;24.9;;1.40;;
17.03.2025;05:00;1012.0;;51.7;;1.61;;
17.03.2025;06:00;1012.9;;77.5;;2.28;;
17.03.2025;07:00;1013.4;;73.9;;2.12;;
17.03.2025;08:00;1014.5;;80.4;;2.91;;
17.03.2025;09:00;1015.3;;90.0;;3.73;;
17.03.2025;10:00;1016.0;;95.4;;3.79;;
17.03.2025;11:00;1016.7;;92.9;;3.66;;
17.03.2025;12:00;1017.0;;85.9;;3.76;;
17.03.2025;13:00;1017.0;;92.8;;3.69;;
17.03.2025;14:00;1016.7;;98.6;;3.63;;
17.03.2025;15:00;1016.1;;78.7;;3.05;;
17.03.2025;16:00;1016.7;;83.2;;3.05;;
17.03.2025;17:00;1016.1;;88.5;;3.41;;
17.03.2025;18:00;1016.0;;88.1;;3.56;;
17.03.2025;19:00;1016.7;;94.0;;2.37;;
17.03.2025;20:00;1017.0;;103.2;;1.61;;
17.03.2025;21:00;1017.5;;102.6;;1.42;;
17.03.2025;22:00;1018.0;;98.5;;1.70;;
17.03.2025;23:00;1018.0;;106.2;;1.12;;
18.03.2025;00:00;1018.0;;108.8;;0.97;;
18.03.2025;01:00;1018.0;;113.5;;0.59;;
18.03.2025;02:00;1018.0;;118.3;;0.61;;
18.03.2025;03:00;1018.0;;93.5;;0.73;;
18.03.2025;04:00;1017.5;;89.9;;0.85;;
18.03.2025;05:00;1018.0;;98.3;;0.58;;
18.03.2025;06:00;1017.1;;88.1;;0.80;;
18.03.2025;07:00;1017.2;;90.9;;0.99;;
18.03.2025;08:00;1018.0;;85.4;;1.07;;
18.03.2025;09:00;1018.0;;82.2;;1.03;;
18.03.2025;10:00;1018.0;;91.4;;1.65;;
18.03.2025;11:00;1017.9;;105.8;;2.06;;
18.03.2025;12:00;1017.0;;116.8;;2.60;;
18.03.2025;13:00;1016.6;;119.5;;2.39;;
18.03.2025;14:00;1016.0;;96.4;;2.77;;
18.03.2025;15:00;1015.0;;99.6;;2.83;;
18.03.2025;16:00;1014.8;;114.3;;2.45;;
18.03.2025;17:00;1014.0;;92.1;;2.89;;
18.03.2025;18:00;1014.0;;94.6;;2.82;;
18.03.2025;19:00;1013.8;;100.8;;2.19;;
18.03.2025;20:00;1014.0;;94.5;;1.78;;
18.03.2025;21:00;1014.0;;101.8;;1.42;;
18.03.2025;22:00;1013.3;;99.2;;1.71;;
18.03.2025;23:00;1013.0;;106.8;;1.11;;
19.03.2025;00:00;1013.0;;96.8;;1.52;;
19.03.2025;01:00;1013.0;;88.0;;0.94;;
19.03.2025;02:00;1013.0;;101.6;;1.11;;
19.03.2025;03:00;1013.0;;102.3;;1.06;;
19.03.2025;04:00;1013.0;;103.3;;0.99;;
19.03.2025;05:00;1013.0;;122.1;;1.24;;
19.03.2025;06:00;1013.0;;91.4;;1.47;;
19.03.2025;07:00;1013.0;;89.1;;1.43;;
19.03.2025;08:00;1013.0;;82.6;;1.04;;
19.03.2025;09:00;1013.0;;83.6;;1.87;;
19.03.2025;10:00;1013.0;;102.4;;1.85;;
19.03.2025;11:00;1012.7;;104.8;;1.65;;
19.03.2025;12:00;1012.0;;150.3;;1.41;;
19.03.2025;13:00;1012.0;;164.0;;1.67;;
19.03.2025;14:00;1011.1;;199.0;;1.34;;
19.03.2025;15:00;1010.9;;222.2;;0.86;;
19.03.2025;16:00;1010.0;;232.5;;0.97;;
19.03.2025;17:00;1010.0;;237.8;;0.51;;
19.03.2025;18:00;1010.0;;203.5;;0.84;;
19.03.2025;19:00;1010.0;;192.9;;0.79;;
19.03.2025;20:00;1010.0;;159.5;;1.12;;
19.03.2025;21:00;1010.0;;142.4;;0.52;;
19.03.2025;22:00;1010.0;;103.1;;0.60;;
19.03.2025;23:00;1010.0;;101.9;;0.98;;
20.03.2025;00:00;1010.0;;100.8;;0.84;;
20.03.2025;01:00;1010.0;;133.6;;0.82;;
20.03.2025;02:00;1010.0;;108.5;;0.63;;
20.03.2025;03:00;1010.0;;94.7;;1.06;;
20.03.2025;04:00;1009.5;;113.2;;0.63;;
20.03.2025;05:00;1009.0;;103.3;;0.73;;
20.03.2025;06:00;1009.0;;93.7;;1.14;;
20.03.2025;07:00;1009.0;;99.1;;1.11;;
20.03.2025;08:00;1009.9;;91.3;;1.21;;
20.03.2025;09:00;1010.0;;82.2;;0.88;;
20.03.2025;10:00;1009.4;;156.9;;0.77;;
20.03.2025;11:00;1009.1;;224.2;;1.49;;
20.03.2025;12:00;1009.0;;234.5;;1.04;;
20.03.2025;13:00;1008.5;;221.1;;0.90;;
20.03.2025;14:00;1008.0;;196.9;;1.20;;
20.03.2025;15:00;1007.0;;197.4;;1.41;;
20.03.2025;16:00;1007.0;;195.4;;1.74;;
20.03.2025;17:00;1007.0;;238.7;;0.94;;
20.03.2025;18:00;1007.0;;266.8;;0.56;;
20.03.2025;19:00;1007.0;;275.1;;0.55;;
20.03.2025;20:00;1007.0;;267.2;;0.42;;
20.03.2025;21:00;1007.0;;190.4;;0.23;;
20.03.2025;22:00;1007.0;;169.1;;0.41;;
20.03.2025;23:00;1007.0;;103.4;;0.54;;
21.03.2025;00:00;1007.0;;186.6;;0.40;;
21.03.2025;01:00;1006.6;;130.4;;0.32;;
21.03.2025;02:00;1006.0;;95.2;;0.86;;
21.03.2025;03:00;1006.0;;100.9;;0.90;;
21.03.2025;04:00;1005.3;;104.1;;0.78;;
21.03.2025;05:00;1005.0;;96.9;;1.28;;
21.03.2025;06:00;1005.0;;87.5;;1.37;;
21.03.2025;07:00;1005.0;;95.8;;1.16;;
21.03.2025;08:00;1005.0;;88.9;;1.36;;
21.03.2025;09:00;1005.0;;90.2;;1.84;;
21.03.2025;10:00;1005.0;;88.5;;1.97;;
21.03.2025;11:00;1004.4;;87.9;;2.29;;
21.03.2025;12:00;1004.0;;107.8;;2.72;;
21.03.2025;13:00;1003.0;;100.5;;2.97;;
21.03.2025;14:00;1002.0;;101.2;;3.35;;
21.03.2025;15:00;1001.3;;100.4;;3.96;;
21.03.2025;16:00;1000.8;;103.3;;3.55;;
21.03.2025;17:00;1000.0;;109.4;;3.47;;
21.03.2025;18:00;999.4;;104.8;;4.07;;
21.03.2025;19:00;999.0;;96.4;;3.61;;
21.03.2025;20:00;999.0;;101.1;;3.69;;
21.03.2025;21:00;999.0;;102.7;;3.39;;
21.03.2025;22:00;999.0;;101.6;;3.16;;
21.03.2025;23:00;999.0;;108.6;;2.83;;
22.03.2025;00:00;998.8;;108.3;;2.57;;
22.03.2025;01:00;998.2;;104.6;;2.50;;
22.03.2025;02:00;997.7;;100.1;;3.50;;
22.03.2025;03:00;997.3;;95.3;;3.18;;
22.03.2025;04:00;996.9;;93.5;;3.26;;
22.03.2025;05:00;996.6;;85.8;;3.12;;
22.03.2025;06:00;996.4;;93.7;;3.18;;
22.03.2025;07:00;996.4;;87.9;;2.01;;
22.03.2025;08:00;996.3;;70.4;;1.77;;
22.03.2025;09:00;995.9;;85.3;;3.46;;
22.03.2025;10:00;995.5;;96.8;;4.47;;
22.03.2025;11:00;995.0;;102.1;;4.35;;
22.03.2025;12:00;994.6;;102.8;;4.83;;
22.03.2025;13:00;994.0;;103.9;;4.71;;
22.03.2025;14:00;993.2;;102.2;;4.29;;
22.03.2025;15:00;992.6;;106.6;;4.33;;
22.03.2025;16:00;992.3;;123.5;;3.95;;
22.03.2025;17:00;991.9;;114.3;;3.35;;
22.03.2025;18:00;992.0;;118.5;;2.99;;
22.03.2025;19:00;992.2;;111.4;;3.38;;
22.03.2025;20:00;992.2;;101.0;;4.17;;
22.03.2025;21:00;992.1;;102.0;;4.53;;
22.03.2025;22:00;991.8;;102.3;;3.87;;
22.03.2025;23:00;991.4;;102.4;;3.01;;
23.03.2025;00:00;991.0;;99.0;;3.23;;
23.03.2025;01:00;990.7;;98.0;;3.56;;
23.03.2025;02:00;990.4;;97.9;;2.24;;
23.03.2025;03:00;990.0;;95.9;;2.50;;
23.03.2025;04:00;989.8;;102.6;;2.27;;
23.03.2025;05:00;989.8;;103.0;;2.20;;
23.03.2025;06:00;990.2;;100.9;;1.35;;
23.03.2025;07:00;990.4;;113.7;;1.57;;
23.03.2025;08:00;990.8;;95.4;;1.42;;
23.03.2025;09:00;991.0;;98.8;;1.82;;
23.03.2025;10:00;991.2;;91.3;;1.90;;
23.03.2025;11:00;991.5;;96.9;;1.81;;
23.03.2025;12:00;992.0;;87.4;;1.73;;
23.03.2025;13:00;992.2;;90.1;;1.20;;
23.03.2025;14:00;992.3;;110.4;;1.12;;
23.03.2025;15:00;992.4;;167.4;;1.18;;
23.03.2025;16:00;992.6;;181.5;;1.00;;
23.03.2025;17:00;992.8;;184.7;;0.39;;
23.03.2025;18:00;993.2;;206.4;;0.57;;
23.03.2025;19:00;993.6;;166.3;;0.89;;
23.03.2025;20:00;994.1;;176.9;;0.79;;
23.03.2025;21:00;994.7;;233.0;;0.40;;
23.03.2025;22:00;995.2;;325.3;;0.19;;
23.03.2025;23:00;995.6;;285.7;;0.22;;
24.03.2025;00:00;995.9;;164.2;;0.21;;
24.03.2025;01:00;996.1;;109.2;;0.40;;
24.03.2025;02:00;996.2;;231.2;;0.23;;
24.03.2025;03:00;996.4;;273.1;;0.26;;
24.03.2025;04:00;996.4;;213.0;;0.23;;
24.03.2025;05:00;996.5;;228.9;;0.25;;
24.03.2025;06:00;996.7;;172.3;;0.16;;
24.03.2025;07:00;997.3;;283.9;;0.33;;
24.03.2025;08:00;997.9;;276.2;;0.60;;
24.03.2025;09:00;998.5;;305.9;;0.65;;
24.03.2025;10:00;998.9;;315.8;;1.02;;
24.03.2025;11:00;999.0;;325.2;;1.04;;
24.03.2025;12:00;999.3;;308.7;;0.91;;
24.03.2025;13:00;1000.0;;307.7;;1.17;;
24.03.2025;14:00;1000.0;;301.2;;1.42;;
24.03.2025;15:00;1000.0;;297.3;;1.61;;
24.03.2025;16:00;1000.0;;307.8;;2.33;;
24.03.2025;17:00;1000.1;;307.7;;2.10;;
24.03.2025;18:00;1000.9;;315.3;;1.82;;
24.03.2025;19:00;1001.1;;327.8;;2.39;;
24.03.2025;20:00;1002.0;;322.3;;2.15;;
24.03.2025;21:00;1002.7;;319.7;;1.72;;
24.03.2025;22:00;1003.4;;319.2;;1.38;;
24.03.2025;23:00;1004.0;;314.1;;1.29;;
25.03.2025;00:00;1004.0;;312.7;;1.07;;
25.03.2025;01:00;1004.0;;315.1;;1.46;;
25.03.2025;02:00;1004.6;;318.3;;2.00;;
25.03.2025;03:00;1005.0;;318.8;;1.58;;
25.03.2025;04:00;1005.0;;318.5;;1.44;;
25.03.2025;05:00;1005.0;;305.6;;1.65;;
25.03.2025;06:00;1005.0;;293.6;;1.20;;
25.03.2025;07:00;1005.0;;299.1;;1.34;;
25.03.2025;08:00;1005.1;;300.1;;1.12;;
25.03.2025;09:00;1006.0;;298.0;;1.27;;
25.03.2025;10:00;1006.0;;289.8;;1.14;;
25.03.2025;11:00;1006.0;;270.8;;1.21;;
25.03.2025;12:00;1006.0;;279.9;;1.32;;
25.03.2025;13:00;1006.0;;273.2;;1.08;;
25.03.2025;14:00;1006.0;;266.2;;1.11;;
25.03.2025;15:00;1005.5;;271.8;;1.00;;
25.03.2025;16:00;1005.0;;280.5;;1.02;;
25.03.2025;17:00;1005.0;;265.1;;1.01;;
25.03.2025;18:00;1005.0;;260.0;;1.10;;
25.03.2025;19:00;1005.0;;250.1;;0.94;;
25.03.2025;20:00;1005.0;;245.7;;0.89;;
25.03.2025;21:00;1005.9;;283.6;;1.26;;
25.03.2025;22:00;1006.0;;309.8;;1.45;;
25.03.2025;23:00;1006.0;;307.4;;1.70;;
26.03.2025;00:00;1006.0;;315.0;;1.77;;
26.03.2025;01:00;1006.0;;323.6;;1.90;;
26.03.2025;02:00;1006.5;;331.5;;2.19;;
26.03.2025;03:00;1007.0;;339.9;;2.22;;
26.03.2025;04:00;1007.0;;346.9;;2.21;;
26.03.2025;05:00;1007.0;;333.2;;1.78;;
26.03.2025;06:00;1007.3;;334.1;;1.78;;
26.03.2025;07:00;1008.0;;325.2;;1.63;;
26.03.2025;08:00;1008.2;;311.4;;1.21;;
26.03.2025;09:00;1009.0;;328.4;;1.60;;
26.03.2025;10:00;1009.0;;337.0;;2.14;;
26.03.2025;11:00;1009.2;;338.5;;2.26;;
26.03.2025;12:00;1010.0;;340.7;;1.80;;
26.03.2025;13:00;1009.9;;329.9;;2.17;;
26.03.2025;14:00;1009.3;;330.3;;2.26;;
26.03.2025;15:00;1009.0;;324.9;;2.23;;
26.03.2025;16:00;1009.0;;328.2;;2.13;;
26.03.2025;17:00;1009.0;;330.1;;2.29;;
26.03.2025;18:00;1009.8;;326.1;;2.42;;
26.03.2025;19:00;1010.0;;328.4;;2.03;;
26.03.2025;20:00;1010.0;;335.2;;1.76;;
26.03.2025;21:00;1010.0;;340.9;;1.63;;
26.03.2025;22:00;1010.3;;28.1;;1.25;;
26.03.2025;23:00;1010.8;;357.4;;1.14;;
27.03.2025;00:00;1010.9;;54.5;;0.71;;
27.03.2025;01:00;1010.2;;50.1;;0.55;;
27.03.2025;02:00;1010.0;;86.7;;0.36;;
27.03.2025;03:00;1010.0;;176.6;;0.63;;
27.03.2025;04:00;1009.5;;216.1;;0.63;;
27.03.2025;05:00;1009.4;;229.9;;0.39;;
27.03.2025;06:00;1009.5;;252.3;;0.34;;
27.03.2025;07:00;1009.0;;205.6;;0.67;;
27.03.2025;08:00;1009.0;;210.1;;0.67;;
27.03.2025;09:00;1009.0;;236.2;;0.63;;
27.03.2025;10:00;1009.0;;248.1;;0.94;;
27.03.2025;11:00;1009.0;;231.3;;0.96;;
27.03.2025;12:00;1008.4;;233.1;;0.86;;
27.03.2025;13:00;1008.0;;227.5;;0.59;;
27.03.2025;14:00;1007.2;;213.3;;0.89;;
27.03.2025;15:00;1006.3;;259.6;;0.65;;
27.03.2025;16:00;1005.8;;258.2;;0.73;;
27.03.2025;17:00;1005.0;;303.4;;0.97;;
27.03.2025;18:00;1005.0;;265.2;;0.35;;
27.03.2025;19:00;1004.7;;223.0;;0.49;;
27.03.2025;20:00;1004.9;;205.3;;1.13;;
27.03.2025;21:00;1004.6;;196.6;;1.61;;
27.03.2025;22:00;1004.0;;211.8;;1.12;;
27.03.2025;23:00;1004.0;;157.9;;0.37;;
28.03.2025;00:00;1003.7;;137.1;;0.51;;
28.03.2025;01:00;1003.0;;131.6;;0.74;;
28.03.2025;02:00;1002.1;;104.8;;0.93;;
28.03.2025;03:00;1001.7;;103.3;;0.99;;
28.03.2025;04:00;1001.0;;90.8;;0.90;;
28.03.2025;05:00;1000.2;;95.6;;1.16;;
28.03.2025;06:00;1000.0;;85.0;;0.95;;
28.03.2025;07:00;1000.0;;74.0;;0.65;;
28.03.2025;08:00;1000.0;;82.6;;0.71;;
28.03.2025;09:00;1000.0;;155.4;;0.26;;
28.03.2025;10:00;999.2;;226.5;;1.05;;
28.03.2025;11:00;999.0;;240.5;;1.27;;
28.03.2025;12:00;998.9;;233.9;;1.25;;
28.03.2025;13:00;998.2;;232.0;;1.25;;
28.03.2025;14:00;997.3;;236.0;;1.18;;
28.03.2025;15:00;996.6;;231.0;;1.11;;
28.03.2025;16:00;995.8;;245.9;;1.08;;
28.03.2025;17:00;995.4;;265.3;;1.14;;
28.03.2025;18:00;995.5;;298.0;;1.56;;
28.03.2025;19:00;995.8;;312.6;;1.58;;
28.03.2025;20:00;996.4;;309.8;;2.15;;
28.03.2025;21:00;997.0;;315.3;;1.51;;
28.03.2025;22:00;997.6;;326.1;;1.98;;
28.03.2025;23:00;997.9;;346.2;;0.92;;
29.03.2025;00:00;998.0;;300.8;;0.94;;
29.03.2025;01:00;998.2;;308.6;;0.64;;
29.03.2025;02:00;998.6;;299.1;;0.62;;
29.03.2025;03:00;999.0;;332.1;;1.79;;
29.03.2025;04:00;999.0;;333.9;;1.73;;
29.03.2025;05:00;999.4;;322.6;;1.85;;
29.03.2025;06:00;1000.4;;325.0;;1.87;;
29.03.2025;07:00;1001.5;;325.4;;1.64;;
29.03.2025;08:00;1002.7;;323.0;;1.44;;
29.03.2025;09:00;1003.6;;328.0;;1.49;;
29.03.2025;10:00;1004.0;;337.6;;1.75;;
29.03.2025;11:00;1004.7;;343.2;;2.23;;
29.03.2025;12:00;1005.0;;332.7;;2.42;;
29.03.2025;13:00;1005.0;;321.6;;2.04;;
29.03.2025;14:00;1005.0;;326.3;;2.15;;
29.03.2025;15:00;1005.0;;323.2;;2.38;;
29.03.2025;16:00;1005.0;;328.3;;2.57;;
29.03.2025;17:00;1005.0;;312.6;;2.31;;
29.03.2025;18:00;1005.0;;314.8;;1.77;;
29.03.2025;19:00;1005.0;;311.4;;1.51;;
29.03.2025;20:00;1005.4;;286.2;;0.88;;
29.03.2025;21:00;1005.8;;265.0;;0.73;;
29.03.2025;22:00;1005.1;;235.3;;0.66;;
29.03.2025;23:00;1004.9;;230.6;;0.76;;
30.03.2025;00:00;1004.0;;224.6;;1.09;;
30.03.2025;01:00;1004.0;;243.3;;0.93;;
30.03.2025;02:00;1002.8;;242.0;;1.54;;
30.03.2025;03:00;1001.2;;232.9;;1.59;;
30.03.2025;04:00;1000.2;;243.0;;1.48;;
30.03.2025;05:00;999.3;;247.3;;1.72;;
30.03.2025;06:00;998.9;;254.7;;1.95;;
30.03.2025;07:00;998.8;;251.5;;1.83;;
30.03.2025;08:00;998.5;;248.9;;1.80;;
30.03.2025;09:00;998.4;;253.0;;1.68;;
30.03.2025;10:00;998.3;;256.9;;1.74;;
30.03.2025;11:00;997.9;;272.4;;2.29;;
30.03.2025;12:00;997.7;;291.5;;3.29;;
30.03.2025;13:00;998.3;;294.7;;2.90;;
30.03.2025;14:00;998.5;;306.3;;3.10;;
30.03.2025;15:00;998.8;;312.2;;3.85;;
30.03.2025;16:00;999.0;;316.8;;4.33;;
30.03.2025;17:00;999.8;;318.0;;4.06;;
30.03.2025;18:00;1000.3;;313.7;;3.32;;
30.03.2025;19:00;1001.0;;313.1;;2.85;;
30.03.2025;20:00;1001.6;;311.7;;2.84;;
30.03.2025;21:00;1002.0;;314.9;;2.82;;
30.03.2025;22:00;1002.5;;320.6;;3.30;;
30.03.2025;23:00;1003.0;;320.8;;2.92;;
31.03.2025;00:00;1003.9;;319.9;;3.19;;
31.03.2025;01:00;1004.8;;327.2;;3.46;;
31.03.2025;02:00;1005.1;;320.9;;2.40;;
31.03.2025;03:00;1006.0;;322.8;;2.31;;
31.03.2025;04:00;1006.2;;324.3;;2.59;;
31.03.2025;05:00;1007.0;;326.0;;2.70;;
31.03.2025;06:00;1007.7;;326.0;;2.62;;
31.03.2025;07:00;1008.8;;330.4;;2.10;;
31.03.2025;08:00;1009.6;;326.5;;2.38;;
31.03.2025;09:00;1010.3;;333.8;;2.49;;
31.03.2025;10:00;1011.0;;334.6;;2.11;;
31.03.2025;11:00;1011.3;;332.6;;2.13;;
31.03.2025;12:00;1012.0;;335.3;;2.69;;
31.03.2025;13:00;1012.0;;340.1;;2.58;;
31.03.2025;14:00;1012.0;;332.6;;2.97;;
31.03.2025;15:00;1012.0;;339.3;;2.44;;
31.03.2025;16:00;1012.0;;342.0;;2.57;;
31.03.2025;17:00;1012.1;;338.6;;2.58;;
31.03.2025;18:00;1013.0;;12.7;;2.09;;
31.03.2025;19:00;1013.1;;2.2;;1.83;;
31.03.2025;20:00;1014.0;;3.3;;1.70;;
31.03.2025;21:00;1014.1;;358.0;;1.27;;
31.03.2025;22:00;1015.0;;24.3;;0.95;;
31.03.2025;23:00;1015.0;;332.1;;0.47;;
01.04.2025;00:00;1015.0;;306.3;;0.33;;
01.04.2025;01:00;1015.0;;351.2;;0.80;;
01.04.2025;02:00;1015.0;;20.5;;0.33;;
01.04.2025;03:00;1015.0;;82.7;;0.57;;
01.04.2025;04:00;1015.0;;85.4;;0.74;;
01.04.2025;05:00;1015.0;;84.2;;0.64;;
01.04.2025;06:00;1015.0;;80.7;;0.69;;
01.04.2025;07:00;1015.0;;82.5;;1.00;;
01.04.2025;08:00;1015.3;;83.1;;1.40;;
01.04.2025;09:00;1016.0;;66.5;;1.03;;
01.04.2025;10:00;1016.0;;94.1;;2.57;;
01.04.2025;11:00;1016.0;;89.0;;3.42;;
01.04.2025;12:00;1015.7;;83.6;;3.66;;
01.04.2025;13:00;1015.0;;84.4;;2.99;;
01.04.2025;14:00;1015.0;;88.1;;3.61;;
01.04.2025;15:00;1014.2;;91.4;;3.58;;
01.04.2025;16:00;1014.0;;86.3;;3.50;;
01.04.2025;17:00;1013.8;;94.8;;3.71;;
01.04.2025;18:00;1013.0;;90.7;;3.43;;
01.04.2025;19:00;1013.7;;90.0;;3.14;;
01.04.2025;20:00;1014.0;;96.7;;1.71;;
01.04.2025;21:00;1014.0;;101.1;;1.59;;
01.04.2025;22:00;1014.0;;99.4;;1.60;;
01.04.2025;23:00;1014.0;;98.6;;1.12;;
02.04.2025;00:00;1014.0;;88.6;;1.64;;
02.04.2025;01:00;1014.0;;93.9;;2.41;;
02.04.2025;02:00;1014.0;;93.9;;2.40;;
02.04.2025;03:00;1013.2;;87.7;;2.16;;
02.04.2025;04:00;1013.0;;91.3;;2.17;;
02.04.2025;05:00;1013.0;;91.4;;2.65;;
02.04.2025;06:00;1013.1;;90.4;;2.41;;
02.04.2025;07:00;1013.7;;84.1;;3.18;;
02.04.2025;08:00;1014.0;;88.7;;3.24;;
02.04.2025;09:00;1014.0;;90.2;;3.05;;
02.04.2025;10:00;1014.0;;83.3;;2.72;;
02.04.2025;11:00;1014.0;;77.3;;3.09;;
02.04.2025;12:00;1013.1;;88.2;;3.67;;
02.04.2025;13:00;1012.6;;87.0;;4.11;;
02.04.2025;14:00;1012.0;;92.4;;4.83;;
02.04.2025;15:00;1011.3;;94.4;;5.50;;
02.04.2025;16:00;1010.3;;92.7;;5.50;;
02.04.2025;17:00;1010.0;;96.4;;4.86;;
02.04.2025;18:00;1010.0;;90.2;;4.34;;
02.04.2025;19:00;1010.0;;92.3;;3.40;;
02.04.2025;20:00;1010.2;;90.0;;2.08;;
02.04.2025;21:00;1011.0;;98.6;;1.77;;
02.04.2025;22:00;1011.0;;101.9;;2.28;;
02.04.2025;23:00;1011.0;;89.0;;4.15;;
03.04.2025;00:00;1011.2;;96.8;;2.88;;
03.04.2025;01:00;1011.8;;91.4;;3.87;;
03.04.2025;02:00;1012.0;;88.3;;2.87;;
03.04.2025;03:00;1011.8;;92.5;;2.93;;
03.04.2025;04:00;1011.9;;93.2;;2.34;;
03.04.2025;05:00;1012.0;;91.4;;2.14;;
03.04.2025;06:00;1012.0;;89.4;;1.69;;
03.04.2025;07:00;1012.0;;86.9;;1.57;;
03.04.2025;08:00;1012.8;;77.1;;1.22;;
03.04.2025;09:00;1013.0;;79.6;;1.77;;
03.04.2025;10:00;1013.0;;90.9;;2.20;;
03.04.2025;11:00;1012.6;;94.1;;2.34;;
03.04.2025;12:00;1012.0;;105.9;;3.59;;
03.04.2025;13:00;1011.6;;108.1;;2.66;;
03.04.2025;14:00;1011.0;;95.9;;2.75;;
03.04.2025;15:00;1010.7;;98.4;;3.05;;
03.04.2025;16:00;1010.0;;88.6;;2.75;;
03.04.2025;17:00;1010.0;;83.4;;2.80;;
03.04.2025;18:00;1010.0;;75.8;;2.65;;
03.04.2025;19:00;1010.0;;82.7;;2.56;;
03.04.2025;20:00;1010.0;;94.0;;2.17;;
03.04.2025;21:00;1010.0;;97.8;;2.08;;
03.04.2025;22:00;1010.0;;93.1;;1.94;;
03.04.2025;23:00;1010.0;;98.7;;1.78;;
04.04.2025;00:00;1010.0;;109.5;;0.75;;
04.04.2025;01:00;1010.0;;93.2;;0.71;;
04.04.2025;02:00;1009.6;;119.3;;0.41;;
04.04.2025;03:00;1009.0;;98.7;;1.16;;
04.04.2025;04:00;1009.0;;86.5;;1.04;;
04.04.2025;05:00;1009.0;;90.4;;0.97;;
04.04.2025;06:00;1009.0;;96.8;;1.24;;
04.04.2025;07:00;1009.0;;93.1;;1.48;;
04.04.2025;08:00;1009.0;;87.3;;1.42;;
04.04.2025;09:00;1009.0;;76.1;;1.00;;
04.04.2025;10:00;1009.0;;81.0;;1.44;;
04.04.2025;11:00;1008.5;;85.7;;1.74;;
04.04.2025;12:00;1008.0;;84.5;;1.98;;
04.04.2025;13:00;1007.4;;91.0;;1.63;;
04.04.2025;14:00;1006.8;;97.3;;1.15;;
04.04.2025;15:00;1006.0;;54.1;;1.01;;
04.04.2025;16:00;1005.3;;64.6;;1.45;;
04.04.2025;17:00;1005.0;;67.9;;1.96;;
04.04.2025;18:00;1004.3;;38.1;;2.28;;
04.04.2025;19:00;1004.0;;35.2;;1.72;;
04.04.2025;20:00;1004.0;;33.2;;0.99;;
04.04.2025;21:00;1004.1;;37.5;;1.36;;
04.04.2025;22:00;1004.6;;54.9;;1.28;;
04.04.2025;23:00;1005.0;;61.4;;1.26;;
05.04.2025;00:00;1005.0;;68.9;;0.78;;
05.04.2025;01:00;1005.0;;27.9;;0.80;;
05.04.2025;02:00;1004.1;;50.4;;0.59;;
05.04.2025;03:00;1004.3;;48.2;;1.46;;
05.04.2025;04:00;1004.4;;77.2;;1.60;;
05.04.2025;05:00;1004.5;;77.9;;1.57;;
05.04.2025;06:00;1005.0;;69.7;;1.99;;
05.04.2025;07:00;1005.2;;65.5;;1.42;;
05.04.2025;08:00;1006.0;;63.9;;2.01;;
05.04.2025;09:00;1006.0;;81.2;;2.66;;
05.04.2025;10:00;1006.0;;64.6;;2.21;;
05.04.2025;11:00;1006.4;;71.4;;2.76;;
05.04.2025;12:00;1006.1;;72.0;;2.67;;
05.04.2025;13:00;1006.1;;75.1;;3.28;;
05.04.2025;14:00;1006.0;;55.0;;2.82;;
05.04.2025;15:00;1006.0;;53.1;;2.50;;
05.04.2025;16:00;1006.0;;47.1;;2.72;;
05.04.2025;17:00;1006.0;;46.7;;2.84;;
05.04.2025;18:00;1006.0;;53.2;;3.05;;
05.04.2025;19:00;1006.7;;57.0;;2.83;;
05.04.2025;20:00;1007.2;;53.7;;2.60;;
05.04.2025;21:00;1008.0;;66.9;;2.63;;
05.04.2025;22:00;1008.7;;75.0;;3.39;;
05.04.2025;23:00;1009.1;;81.2;;3.97;;
06.04.2025;00:00;1010.0;;87.2;;3.98;;
06.04.2025;01:00;1010.1;;92.8;;2.81;;
06.04.2025;02:00;1010.9;;97.4;;2.46;;
06.04.2025;03:00;1011.0;;96.1;;1.89;;
06.04.2025;04:00;1011.7;;126.1;;0.82;;
06.04.2025;05:00;1012.2;;90.7;;1.58;;
06.04.2025;06:00;1013.0;;92.0;;1.58;;
06.04.2025;07:00;1013.6;;95.3;;0.93;;
06.04.2025;08:00;1014.0;;91.0;;1.75;;
06.04.2025;09:00;1014.0;;112.5;;2.02;;
06.04.2025;10:00;1014.0;;97.9;;2.60;;
06.04.2025;11:00;1014.0;;104.0;;2.90;;
06.04.2025;12:00;1014.0;;96.2;;3.08;;
06.04.2025;13:00;1013.6;;96.2;;2.03;;
06.04.2025;14:00;1013.0;;97.8;;2.20;;
06.04.2025;15:00;1013.0;;74.1;;2.62;;
06.04.2025;16:00;1012.1;;89.1;;2.30;;
06.04.2025;17:00;1012.0;;68.8;;1.92;;
06.04.2025;18:00;1011.8;;79.0;;2.41;;
06.04.2025;19:00;1011.1;;97.5;;2.07;;
06.04.2025;20:00;1011.7;;104.8;;1.06;;
06.04.2025;21:00;1012.0;;115.8;;0.68;;
06.04.2025;22:00;1012.0;;92.7;;0.73;;
06.04.2025;23:00;1012.0;;56.0;;0.51;;
07.04.2025;00:00;1012.0;;249.3;;0.41;;
07.04.2025;01:00;1012.0;;94.9;;0.64;;
07.04.2025;02:00;1012.0;;88.2;;0.74;;
07.04.2025;03:00;1012.0;;102.0;;0.52;;
07.04.2025;04:00;1012.0;;80.2;;0.91;;
07.04.2025;05:00;1012.0;;85.2;;0.85;;
07.04.2025;06:00;1012.0;;84.6;;0.88;;
07.04.2025;07:00;1013.0;;85.8;;1.39;;
07.04.2025;08:00;1013.0;;63.2;;0.63;;
07.04.2025;09:00;1013.3;;81.4;;0.84;;
07.04.2025;10:00;1014.0;;138.8;;0.72;;
07.04.2025;11:00;1014.0;;108.5;;1.18;;
07.04.2025;12:00;1013.5;;75.5;;1.26;;
07.04.2025;13:00;1013.0;;70.9;;1.22;;
07.04.2025;14:00;1013.0;;60.4;;0.84;;
07.04.2025;15:00;1012.9;;124.1;;1.17;;
07.04.2025;16:00;1012.0;;34.5;;0.92;;
07.04.2025;17:00;1012.0;;68.6;;1.09;;
07.04.2025;18:00;1012.0;;70.8;;1.50;;
07.04.2025;19:00;1012.0;;95.8;;1.62;;
07.04.2025;20:00;1012.4;;119.3;;0.91;;
07.04.2025;21:00;1013.0;;112.9;;0.78;;
07.04.2025;22:00;1013.0;;57.2;;1.35;;
07.04.2025;23:00;1013.9;;42.1;;0.99;;
08.04.2025;00:00;1014.0;;65.8;;1.18;;
08.04.2025;01:00;1014.0;;60.4;;1.13;;
08.04.2025;02:00;1014.0;;100.4;;0.87;;
08.04.2025;03:00;1014.0;;94.7;;0.79;;
08.04.2025;04:00;1014.0;;96.0;;0.88;;
08.04.2025;05:00;1014.0;;89.4;;0.65;;
08.04.2025;06:00;1014.0;;85.7;;0.55;;
08.04.2025;07:00;1014.0;;90.2;;0.82;;
08.04.2025;08:00;1015.0;;90.9;;1.26;;
08.04.2025;09:00;1015.0;;84.4;;1.48;;
08.04.2025;10:00;1015.0;;80.2;;1.14;;
08.04.2025;11:00;1015.0;;58.7;;0.97;;
08.04.2025;12:00;1014.3;;69.7;;0.69;;
08.04.2025;13:00;1014.0;;67.0;;1.13;;
08.04.2025;14:00;1013.4;;49.5;;0.78;;
08.04.2025;15:00;1012.8;;60.7;;1.13;;
08.04.2025;16:00;1011.9;;62.0;;0.94;;
08.04.2025;17:00;1011.0;;120.7;;0.99;;
08.04.2025;18:00;1011.0;;57.4;;1.15;;
08.04.2025;19:00;1011.0;;54.4;;1.22;;
08.04.2025;20:00;1011.0;;79.0;;0.93;;
08.04.2025;21:00;1011.0;;105.2;;0.95;;
08.04.2025;22:00;1011.0;;110.7;;0.65;;
08.04.2025;23:00;1011.0;;357.9;;0.76;;
09.04.2025;00:00;1011.0;;29.3;;1.04;;
09.04.2025;01:00;1011.0;;17.5;;0.93;;
09.04.2025;02:00;1011.0;;19.0;;0.86;;
09.04.2025;03:00;1010.3;;12.0;;0.96;;
09.04.2025;04:00;1010.0;;24.6;;0.84;;
09.04.2025;05:00;1010.0;;13.5;;0.61;;
09.04.2025;06:00;1010.0;;7.7;;0.70;;
09.04.2025;07:00;1010.3;;21.5;;0.98;;
09.04.2025;08:00;1011.0;;21.4;;1.06;;
09.04.2025;09:00;1011.3;;1.7;;1.59;;
09.04.2025;10:00;1012.0;;357.5;;1.59;;
09.04.2025;11:00;1012.0;;343.8;;1.77;;
09.04.2025;12:00;1012.0;;356.9;;1.44;;
09.04.2025;13:00;1012.0;;349.9;;1.61;;
09.04.2025;14:00;1011.9;;344.6;;1.89;;
09.04.2025;15:00;1011.0;;346.0;;1.91;;
09.04.2025;16:00;1011.0;;342.9;;2.06;;
09.04.2025;17:00;1010.8;;331.5;;2.42;;
09.04.2025;18:00;1011.0;;330.3;;2.88;;
09.04.2025;19:00;1011.3;;329.0;;2.96;;
09.04.2025;20:00;1012.0;;351.5;;2.30;;
09.04.2025;21:00;1012.0;;349.5;;1.77;;
09.04.2025;22:00;1012.0;;331.9;;2.05;;
09.04.2025;23:00;1012.9;;335.1;;2.75;;
10.04.2025;00:00;1013.0;;331.6;;2.18;;
10.04.2025;01:00;1013.0;;325.9;;2.16;;
10.04.2025;02:00;1013.0;;317.7;;1.66;;
10.04.2025;03:00;1012.5;;302.1;;1.06;;
10.04.2025;04:00;1012.0;;297.4;;0.87;;
10.04.2025;05:00;1012.4;;296.6;;0.95;;
10.04.2025;06:00;1012.7;;305.5;;1.06;;
10.04.2025;07:00;1013.0;;311.4;;1.14;;
10.04.2025;08:00;1013.0;;320.7;;1.19;;
10.04.2025;09:00;1013.5;;319.8;;1.24;;
10.04.2025;10:00;1014.0;;308.6;;1.31;;
10.04.2025;11:00;1014.0;;310.4;;1.50;;
10.04.2025;12:00;1014.0;;314.1;;1.30;;
10.04.2025;13:00;1013.2;;297.4;;1.28;;
10.04.2025;14:00;1013.0;;299.1;;1.66;;
10.04.2025;15:00;1013.0;;313.0;;1.39;;
10.04.2025;16:00;1012.1;;304.3;;1.50;;
10.04.2025;17:00;1011.6;;302.0;;1.44;;
10.04.2025;18:00;1011.0;;303.5;;1.36;;
10.04.2025;19:00;1010.5;;284.2;;1.05;;
10.04.2025;20:00;1010.0;;263.1;;0.69;;
10.04.2025;21:00;1011.0;;282.0;;0.81;;
10.04.2025;22:00;1010.2;;295.1;;1.13;;
10.04.2025;23:00;1010.0;;305.3;;1.48;;
11.04.2025;00:00;1010.0;;301.6;;1.17;;
11.04.2025;01:00;1009.8;;285.5;;0.74;;
11.04.2025;02:00;1009.1;;308.5;;1.36;;
11.04.2025;03:00;1009.0;;304.6;;1.70;;
11.04.2025;04:00;1008.3;;310.9;;1.60;;
11.04.2025;05:00;1008.0;;304.7;;1.53;;
11.04.2025;06:00;1008.0;;296.1;;1.29;;
11.04.2025;07:00;1008.0;;297.6;;1.24;;
11.04.2025;08:00;1008.0;;289.1;;1.34;;
11.04.2025;09:00;1008.0;;285.9;;1.26;;
11.04.2025;10:00;1008.0;;280.6;;1.25;;
11.04.2025;11:00;1008.0;;266.0;;1.00;;
11.04.2025;12:00;1007.2;;268.1;;1.10;;
11.04.2025;13:00;1007.0;;260.1;;1.12;;
11.04.2025;14:00;1006.3;;278.8;;1.24;;
11.04.2025;15:00;1005.9;;293.2;;1.77;;
11.04.2025;16:00;1005.0;;307.5;;2.21;;
11.04.2025;17:00;1005.0;;316.2;;2.55;;
11.04.2025;18:00;1005.0;;318.8;;2.31;;
11.04.2025;19:00;1005.0;;317.0;;1.63;;
11.04.2025;20:00;1005.0;;331.6;;1.18;;
11.04.2025;21:00;1005.0;;326.2;;0.76;;
11.04.2025;22:00;1005.0;;0.5;;0.68;;
11.04.2025;23:00;1005.0;;20.6;;0.67;;
12.04.2025;00:00;1004.4;;306.2;;0.38;;
12.04.2025;01:00;1004.0;;329.1;;0.58;;
12.04.2025;02:00;1004.0;;109.6;;0.61;;
12.04.2025;03:00;1003.3;;42.7;;0.44;;
12.04.2025;04:00;1003.0;;147.2;;0.82;;
12.04.2025;05:00;1002.9;;98.1;;0.76;;
12.04.2025;06:00;1002.1;;108.3;;0.74;;
12.04.2025;07:00;1002.8;;122.3;;0.82;;
12.04.2025;08:00;1002.5;;89.1;;1.22;;
12.04.2025;09:00;1002.0;;78.7;;1.56;;
12.04.2025;10:00;1001.6;;80.8;;1.83;;
12.04.2025;11:00;1001.0;;94.1;;2.03;;
12.04.2025;12:00;1000.2;;99.8;;2.48;;
12.04.2025;13:00;999.3;;92.1;;3.03;;
12.04.2025;14:00;998.7;;100.7;;2.88;;
12.04.2025;15:00;997.7;;106.1;;2.53;;
12.04.2025;16:00;996.5;;108.9;;2.97;;
12.04.2025;17:00;995.3;;103.1;;3.10;;
12.04.2025;18:00;994.6;;106.1;;2.73;;
12.04.2025;19:00;994.0;;99.7;;2.54;;
12.04.2025;20:00;993.3;;95.3;;2.67;;
12.04.2025;21:00;992.8;;102.3;;2.40;;
12.04.2025;22:00;992.3;;102.8;;1.62;;
12.04.2025;23:00;991.8;;116.4;;1.05;;
13.04.2025;00:00;991.3;;136.5;;1.32;;
13.04.2025;01:00;990.7;;150.9;;1.51;;
13.04.2025;02:00;990.1;;169.2;;1.91;;
13.04.2025;03:00;989.4;;166.1;;1.86;;
13.04.2025;04:00;988.8;;170.4;;1.85;;
13.04.2025;05:00;988.4;;189.8;;1.92;;
13.04.2025;06:00;988.2;;190.6;;1.60;;
13.04.2025;07:00;988.1;;167.3;;1.71;;
13.04.2025;08:00;988.5;;226.4;;1.23;;
13.04.2025;09:00;988.9;;222.2;;1.00;;
13.04.2025;10:00;989.3;;237.6;;1.08;;
13.04.2025;11:00;990.0;;252.3;;1.37;;
13.04.2025;12:00;990.5;;253.8;;1.27;;
13.04.2025;13:00;990.8;;250.0;;1.30;;
13.04.2025;14:00;991.0;;264.4;;1.13;;
13.04.2025;15:00;991.3;;264.0;;1.23;;
13.04.2025;16:00;991.6;;242.1;;0.99;;
13.04.2025;17:00;991.8;;232.3;;1.27;;
13.04.2025;18:00;992.4;;245.2;;0.59;;
13.04.2025;19:00;992.6;;227.8;;0.59;;
13.04.2025;20:00;993.2;;214.3;;0.98;;
13.04.2025;21:00;993.7;;213.0;;1.30;;
13.04.2025;22:00;994.2;;222.4;;0.90;;
13.04.2025;23:00;994.5;;229.8;;0.96;;
14.04.2025;00:00;994.7;;243.8;;0.59;;
14.04.2025;01:00;995.0;;214.2;;0.57;;
14.04.2025;02:00;995.0;;209.5;;1.14;;
14.04.2025;03:00;995.3;;217.8;;1.01;;
14.04.2025;04:00;995.4;;215.9;;0.75;;
14.04.2025;05:00;995.4;;208.4;;1.04;;
14.04.2025;06:00;995.6;;186.3;;1.68;;
14.04.2025;07:00;996.0;;203.8;;1.37;;
14.04.2025;08:00;996.5;;219.5;;0.75;;
14.04.2025;09:00;997.0;;212.0;;0.55;;
14.04.2025;10:00;997.1;;212.5;;0.69;;
14.04.2025;11:00;997.2;;205.3;;0.87;;
14.04.2025;12:00;997.2;;222.8;;0.84;;
14.04.2025;13:00;996.9;;227.4;;0.58;;
14.04.2025;14:00;996.6;;297.3;;0.85;;
14.04.2025;15:00;996.1;;225.7;;0.66;;
14.04.2025;16:00;995.6;;191.7;;0.47;;
14.04.2025;17:00;995.0;;204.6;;0.47;;
14.04.2025;18:00;994.6;;87.0;;1.15;;
14.04.2025;19:00;994.2;;72.8;;1.63;;
14.04.2025;20:00;994.2;;77.9;;2.09;;
14.04.2025;21:00;994.2;;92.8;;2.16;;
14.04.2025;22:00;994.0;;99.8;;1.83;;
14.04.2025;23:00;993.3;;93.5;;1.92;;
15.04.2025;00:00;992.6;;88.7;;2.52;;
15.04.2025;01:00;992.0;;93.5;;1.90;;
15.04.2025;02:00;991.4;;92.4;;1.49;;
15.04.2025;03:00;990.6;;96.0;;1.23;;
15.04.2025;04:00;989.9;;96.3;;1.24;;
15.04.2025;05:00;989.1;;89.0;;1.22;;
15.04.2025;06:00;988.6;;100.7;;0.44;;
15.04.2025;07:00;988.0;;87.9;;1.43;;
15.04.2025;08:00;987.4;;82.6;;1.88;;
15.04.2025;09:00;987.0;;93.1;;1.71;;
15.04.2025;10:00;986.5;;94.8;;2.06;;
15.04.2025;11:00;986.2;;127.8;;1.77;;
15.04.2025;12:00;985.8;;94.5;;2.80;;
15.04.2025;13:00;985.5;;106.3;;2.77;;
15.04.2025;14:00;985.2;;111.7;;2.24;;
15.04.2025;15:00;984.7;;117.9;;1.95;;
15.04.2025;16:00;984.6;;110.9;;1.55;;
15.04.2025;17:00;984.4;;154.7;;1.10;;
15.04.2025;18:00;985.2;;210.9;;1.39;;
15.04.2025;19:00;986.4;;255.6;;1.25;;
15.04.2025;20:00;986.9;;242.3;;0.55;;
15.04.2025;21:00;987.8;;218.9;;0.41;;
15.04.2025;22:00;988.4;;190.9;;0.87;;
15.04.2025;23:00;988.9;;182.0;;1.32;;
16.04.2025;00:00;989.4;;202.7;;1.39;;
16.04.2025;01:00;989.9;;209.6;;1.22;;
16.04.2025;02:00;990.2;;198.4;;0.65;;
16.04.2025;03:00;990.7;;215.4;;1.02;;
16.04.2025;04:00;991.2;;207.5;;1.21;;
16.04.2025;05:00;991.3;;148.0;;0.54;;
16.04.2025;06:00;991.8;;104.6;;0.42;;
16.04.2025;07:00;992.4;;142.1;;0.77;;
16.04.2025;08:00;993.2;;144.1;;0.64;;
16.04.2025;09:00;993.7;;198.0;;0.66;;
16.04.2025;10:00;994.2;;251.0;;0.53;;
16.04.2025;11:00;994.2;;33.7;;1.08;;
16.04.2025;12:00;994.3;;143.3;;1.26;;
16.04.2025;13:00;994.4;;286.6;;1.00;;
16.04.2025;14:00;995.0;;291.7;;1.28;;
16.04.2025;15:00;995.3;;313.1;;1.95;;
16.04.2025;16:00;995.9;;312.3;;2.06;;
16.04.2025;17:00;996.2;;319.3;;2.05;;
16.04.2025;18:00;996.8;;311.9;;1.72;;
16.04.2025;19:00;997.2;;314.4;;1.75;;
16.04.2025;20:00;998.0;;310.5;;1.77;;
16.04.2025;21:00;998.4;;303.5;;1.48;;
16.04.2025;22:00;998.3;;323.4;;1.83;;
16.04.2025;23:00;998.5;;320.9;;1.31;;
17.04.2025;00:00;998.4;;318.0;;1.38;;
17.04.2025;01:00;997.8;;341.8;;1.53;;
17.04.2025;02:00;997.5;;332.5;;1.59;;
17.04.2025;03:00;997.3;;336.0;;1.77;;
17.04.2025;04:00;997.4;;337.6;;1.60;;
17.04.2025;05:00;997.3;;339.9;;1.45;;
17.04.2025;06:00;997.5;;324.3;;1.44;;
17.04.2025;07:00;997.3;;327.7;;1.37;;
17.04.2025;08:00;997.4;;322.9;;1.43;;
17.04.2025;09:00;997.3;;324.6;;1.82;;
17.04.2025;10:00;997.2;;326.7;;2.00;;
17.04.2025;11:00;997.2;;337.1;;1.85;;
17.04.2025;12:00;997.3;;339.1;;2.31;;
17.04.2025;13:00;997.2;;340.7;;2.40;;
17.04.2025;14:00;997.2;;339.3;;2.05;;
17.04.2025;15:00;996.8;;340.9;;2.48;;
17.04.2025;16:00;996.7;;353.1;;2.37;;
17.04.2025;17:00;997.1;;349.5;;1.98;;
17.04.2025;18:00;997.7;;334.9;;2.17;;
17.04.2025;19:00;998.2;;334.5;;2.40;;
17.04.2025;20:00;998.5;;336.7;;2.22;;
17.04.2025;21:00;998.5;;334.7;;2.34;;
17.04.2025;22:00;998.4;;334.5;;2.22;;
17.04.2025;23:00;998.1;;335.6;;2.45;;
18.04.2025;00:00;998.2;;337.2;;1.42;;
18.04.2025;01:00;999.3;;225.8;;0.42;;
18.04.2025;02:00;998.8;;314.2;;2.02;;
18.04.2025;03:00;998.7;;322.1;;2.41;;
18.04.2025;04:00;999.0;;319.6;;1.89;;
18.04.2025;05:00;999.0;;305.3;;1.38;;
18.04.2025;06:00;999.5;;311.7;;1.62;;
18.04.2025;07:00;999.6;;314.0;;1.85;;
18.04.2025;08:00;1000.0;;312.2;;1.71;;
18.04.2025;09:00;1000.0;;315.0;;1.49;;
18.04.2025;10:00;1000.6;;311.7;;1.38;;
18.04.2025;11:00;1001.0;;313.0;;1.38;;
18.04.2025;12:00;1000.5;;319.7;;1.74;;
18.04.2025;13:00;1000.0;;324.1;;2.45;;
18.04.2025;14:00;1000.0;;331.0;;2.25;;
18.04.2025;15:00;1000.0;;333.4;;2.19;;
18.04.2025;16:00;1000.0;;333.8;;1.87;;
18.04.2025;17:00;1000.0;;333.1;;1.44;;
18.04.2025;18:00;1000.0;;329.4;;1.61;;
18.04.2025;19:00;999.2;;333.0;;1.66;;
18.04.2025;20:00;999.9;;328.5;;1.05;;
18.04.2025;21:00;999.5;;304.9;;0.64;;
18.04.2025;22:00;999.0;;314.3;;0.62;;
18.04.2025;23:00;999.0;;340.1;;0.84;;
19.04.2025;00:00;999.0;;7.3;;1.03;;
19.04.2025;01:00;999.0;;356.9;;0.77;;
19.04.2025;02:00;998.8;;24.4;;0.59;;
19.04.2025;03:00;998.6;;356.2;;0.81;;
19.04.2025;04:00;998.5;;19.4;;0.62;;
19.04.2025;05:00;998.3;;350.7;;0.44;;
19.04.2025;06:00;998.1;;346.5;;0.57;;
19.04.2025;07:00;998.0;;323.0;;0.64;;
19.04.2025;08:00;997.9;;321.1;;0.80;;
19.04.2025;09:00;997.6;;359.0;;0.37;;
19.04.2025;10:00;997.7;;319.2;;0.62;;
19.04.2025;11:00;997.6;;301.4;;0.54;;
19.04.2025;12:00;997.4;;319.1;;0.75;;
19.04.2025;13:00;996.9;;319.3;;0.59;;
19.04.2025;14:00;996.5;;339.2;;0.93;;
19.04.2025;15:00;996.0;;344.6;;0.79;;
19.04.2025;16:00;995.4;;13.8;;0.52;;
19.04.2025;17:00;995.1;;62.1;;0.44;;
19.04.2025;18:00;994.7;;352.5;;0.71;;
19.04.2025;19:00;994.5;;338.4;;0.36;;
19.04.2025;20:00;994.4;;312.7;;0.72;;
19.04.2025;21:00;994.5;;0.1;;0.64;;
19.04.2025;22:00;994.8;;29.0;;0.95;;
19.04.2025;23:00;994.8;;5.5;;0.77;;
20.04.2025;00:00;994.7;;355.4;;0.79;;
20.04.2025;01:00;994.4;;5.0;;0.72;;
20.04.2025;02:00;993.9;;35.7;;0.63;;
20.04.2025;03:00;993.6;;26.9;;0.56;;
20.04.2025;04:00;993.6;;61.8;;0.49;;
20.04.2025;05:00;993.4;;110.9;;0.49;;
20.04.2025;06:00;993.5;;148.3;;0.71;;
20.04.2025;07:00;993.6;;88.4;;0.45;;
20.04.2025;08:00;993.6;;55.1;;0.57;;
20.04.2025;09:00;993.7;;84.2;;0.80;;
20.04.2025;10:00;993.7;;76.4;;0.67;;
20.04.2025;11:00;993.6;;50.4;;0.33;;
20.04.2025;12:00;993.5;;345.7;;0.53;;
20.04.2025;13:00;993.4;;315.5;;0.79;;
20.04.2025;14:00;993.2;;328.8;;1.03;;
20.04.2025;15:00;993.1;;318.8;;0.70;;
20.04.2025;16:00;993.0;;326.4;;1.18;;
20.04.2025;17:00;993.0;;327.2;;1.15;;
20.04.2025;18:00;993.1;;336.0;;1.16;;
20.04.2025;19:00;993.1;;352.1;;1.07;;
20.04.2025;20:00;993.8;;27.5;;0.96;;
20.04.2025;21:00;993.9;;5.3;;0.68;;
20.04.2025;22:00;994.3;;57.2;;0.31;;
20.04.2025;23:00;994.9;;188.9;;0.65;;
21.04.2025;00:00;995.0;;248.5;;0.52;;
21.04.2025;01:00;994.7;;289.1;;0.46;;
21.04.2025;02:00;994.7;;217.5;;0.41;;
21.04.2025;03:00;994.6;;272.8;;0.30;;
21.04.2025;04:00;994.7;;235.2;;0.26;;
21.04.2025;05:00;994.9;;189.8;;0.38;;
21.04.2025;06:00;995.3;;226.8;;0.61;;
21.04.2025;07:00;995.5;;226.1;;0.28;;
21.04.2025;08:00;995.8;;253.1;;0.35;;
21.04.2025;09:00;996.4;;197.0;;1.05;;
21.04.2025;10:00;996.7;;231.9;;0.36;;
21.04.2025;11:00;996.9;;228.6;;0.50;;
21.04.2025;12:00;996.9;;254.7;;0.65;;
21.04.2025;13:00;996.9;;215.7;;0.61;;
21.04.2025;14:00;997.1;;254.1;;0.51;;
21.04.2025;15:00;997.3;;263.1;;0.50;;
21.04.2025;16:00;997.3;;279.9;;0.37;;
21.04.2025;17:00;997.3;;193.4;;0.26;;
21.04.2025;18:00;997.5;;317.5;;0.57;;
21.04.2025;19:00;997.8;;347.4;;0.94;;
21.04.2025;20:00;998.2;;335.9;;0.64;;
21.04.2025;21:00;998.9;;146.1;;0.47;;
21.04.2025;22:00;999.0;;173.0;;0.75;;
21.04.2025;23:00;999.0;;212.6;;0.28;;
22.04.2025;00:00;999.2;;221.1;;0.45;;
22.04.2025;01:00;1000.0;;203.8;;0.67;;
22.04.2025;02:00;1000.0;;237.0;;0.32;;
22.04.2025;03:00;1000.0;;226.3;;0.30;;
22.04.2025;04:00;1000.0;;218.5;;0.43;;
22.04.2025;05:00;1000.0;;208.2;;0.32;;
22.04.2025;06:00;1000.7;;194.9;;0.36;;
22.04.2025;07:00;1001.0;;245.2;;0.23;;
22.04.2025;08:00;1002.0;;266.3;;0.33;;
22.04.2025;09:00;1002.4;;284.1;;0.47;;
22.04.2025;10:00;1003.0;;272.7;;0.49;;
22.04.2025;11:00;1003.7;;270.9;;0.63;;
22.04.2025;12:00;1004.0;;259.6;;0.40;;
22.04.2025;13:00;1004.0;;259.3;;0.44;;
22.04.2025;14:00;1004.0;;284.7;;0.70;;
22.04.2025;15:00;1004.0;;284.8;;0.69;;
22.04.2025;16:00;1003.7;;293.3;;0.85;;
22.04.2025;17:00;1003.0;;290.2;;0.78;;
22.04.2025;18:00;1004.0;;329.2;;1.66;;
22.04.2025;19:00;1004.0;;332.0;;0.85;;
22.04.2025;20:00;1004.0;;320.5;;0.41;;
22.04.2025;21:00;1004.8;;155.4;;0.56;;
22.04.2025;22:00;1004.6;;154.5;;0.64;;
22.04.2025;23:00;1005.0;;137.6;;0.48;;
23.04.2025;00:00;1005.0;;94.4;;0.75;;
23.04.2025;01:00;1005.0;;89.6;;0.53;;
23.04.2025;02:00;1004.2;;84.2;;0.98;;
23.04.2025;03:00;1004.0;;86.1;;0.54;;
23.04.2025;04:00;1004.0;;51.4;;0.84;;
23.04.2025;05:00;1003.3;;116.7;;1.15;;
23.04.2025;06:00;1002.9;;110.0;;0.90;;
23.04.2025;07:00;1002.5;;112.1;;0.81;;
23.04.2025;08:00;1002.9;;125.4;;0.77;;
23.04.2025;09:00;1003.0;;150.4;;0.53;;
23.04.2025;10:00;1002.7;;180.9;;0.30;;
23.04.2025;11:00;1002.0;;134.1;;0.59;;
23.04.2025;12:00;1002.0;;94.8;;1.27;;
23.04.2025;13:00;1001.2;;94.9;;1.94;;
23.04.2025;14:00;1000.8;;82.8;;2.52;;
23.04.2025;15:00;1000.0;;99.7;;1.96;;
23.04.2025;16:00;1000.0;;109.1;;1.22;;
23.04.2025;17:00;999.0;;94.6;;1.37;;
23.04.2025;18:00;999.0;;92.1;;1.86;;
23.04.2025;19:00;999.2;;123.4;;1.37;;
23.04.2025;20:00;1000.0;;280.3;;0.26;;
23.04.2025;21:00;1000.1;;167.7;;0.43;;
23.04.2025;22:00;1001.0;;233.7;;0.37;;
23.04.2025;23:00;1001.0;;119.9;;0.52;;
24.04.2025;00:00;1001.0;;109.8;;0.76;;
24.04.2025;01:00;1001.0;;87.3;;0.87;;
24.04.2025;02:00;1001.0;;108.7;;0.35;;
24.04.2025;03:00;1001.0;;68.1;;0.34;;
24.04.2025;04:00;1000.9;;42.1;;0.77;;
24.04.2025;05:00;1001.0;;44.1;;0.76;;
24.04.2025;06:00;1001.0;;28.1;;0.84;;
24.04.2025;07:00;1001.0;;56.7;;1.69;;
24.04.2025;08:00;1001.9;;73.5;;2.11;;
24.04.2025;09:00;1002.0;;83.9;;2.15;;
24.04.2025;10:00;1002.0;;77.5;;2.06;;
24.04.2025;11:00;1002.9;;72.5;;1.97;;
24.04.2025;12:00;1003.0;;74.0;;2.27;;
24.04.2025;13:00;1003.0;;73.0;;2.59;;
24.04.2025;14:00;1003.0;;76.1;;3.26;;
24.04.2025;15:00;1003.0;;48.2;;1.63;;
24.04.2025;16:00;1003.0;;37.0;;1.64;;
24.04.2025;17:00;1003.8;;29.2;;1.58;;
24.04.2025;18:00;1004.0;;21.7;;1.26;;
24.04.2025;19:00;1004.0;;1.9;;0.92;;
24.04.2025;20:00;1004.0;;349.3;;1.07;;
24.04.2025;21:00;1005.0;;356.7;;1.53;;
24.04.2025;22:00;1005.0;;357.5;;1.26;;
24.04.2025;23:00;1005.7;;12.5;;1.13;;
25.04.2025;00:00;1006.0;;15.2;;1.25;;
25.04.2025;01:00;1006.0;;20.3;;1.26;;
25.04.2025;02:00;1006.0;;9.9;;0.84;;
25.04.2025;03:00;1006.0;;349.6;;0.91;;
25.04.2025;04:00;1006.0;;357.1;;1.05;;
25.04.2025;05:00;1006.0;;359.6;;1.24;;
25.04.2025;06:00;1006.8;;352.1;;1.16;;
25.04.2025;07:00;1007.0;;3.1;;1.09;;
25.04.2025;08:00;1007.2;;5.9;;1.22;;
25.04.2025;09:00;1008.0;;0.4;;1.10;;
25.04.2025;10:00;1008.0;;12.7;;1.07;;
25.04.2025;11:00;1008.0;;355.3;;1.45;;
25.04.2025;12:00;1008.0;;1.1;;1.17;;
25.04.2025;13:00;1008.0;;27.2;;0.95;;
25.04.2025;14:00;1008.0;;7.7;;1.04;;
25.04.2025;15:00;1008.0;;5.1;;1.00;;
25.04.2025;16:00;1008.0;;19.7;;1.15;;
25.04.2025;17:00;1008.0;;62.7;;1.51;;
25.04.2025;18:00;1008.0;;67.8;;1.33;;
25.04.2025;19:00;1008.0;;28.6;;0.81;;
25.04.2025;20:00;1008.3;;20.9;;0.70;;
25.04.2025;21:00;1009.0;;96.8;;0.48;;
25.04.2025;22:00;1009.0;;126.4;;0.34;;
25.04.2025;23:00;1009.0;;52.5;;0.34;;
26.04.2025;00:00;1009.0;;115.7;;0.30;;
26.04.2025;01:00;1009.0;;96.5;;0.69;;
26.04.2025;02:00;1009.0;;62.8;;1.23;;
26.04.2025;03:00;1009.0;;74.4;;1.20;;
26.04.2025;04:00;1009.0;;89.7;;0.88;;
26.04.2025;05:00;1009.0;;80.9;;0.66;;
26.04.2025;06:00;1009.0;;85.1;;0.81;;
26.04.2025;07:00;1009.6;;62.2;;0.95;;
26.04.2025;08:00;1010.0;;90.3;;1.25;;
26.04.2025;09:00;1010.0;;91.3;;1.11;;
26.04.2025;10:00;1010.0;;76.5;;1.28;;
26.04.2025;11:00;1010.0;;96.3;;1.50;;
26.04.2025;12:00;1010.0;;127.6;;2.10;;
26.04.2025;13:00;1009.3;;115.6;;2.12;;
26.04.2025;14:00;1009.1;;99.6;;2.29;;
26.04.2025;15:00;1009.0;;96.5;;1.85;;
26.04.2025;16:00;1009.0;;93.2;;2.50;;
26.04.2025;17:00;1009.0;;99.0;;2.16;;
26.04.2025;18:00;1009.0;;90.0;;2.36;;
26.04.2025;19:00;1009.0;;81.4;;2.48;;
26.04.2025;20:00;1009.3;;90.4;;2.31;;
26.04.2025;21:00;1010.0;;101.5;;1.89;;
26.04.2025;22:00;1010.0;;93.1;;2.07;;
26.04.2025;23:00;1010.0;;90.9;;1.79;;
27.04.2025;00:00;1010.6;;94.2;;1.91;;
27.04.2025;01:00;1011.0;;93.7;;1.71;;
27.04.2025;02:00;1011.0;;97.0;;1.36;;
27.04.2025;03:00;1011.0;;113.9;;0.75;;
27.04.2025;04:00;1011.0;;119.1;;0.67;;
27.04.2025;05:00;1011.0;;112.4;;0.62;;
27.04.2025;06:00;1011.0;;95.9;;0.65;;
27.04.2025;07:00;1011.1;;93.6;;1.56;;
27.04.2025;08:00;1012.0;;89.4;;1.88;;
27.04.2025;09:00;1012.0;;97.6;;2.59;;
27.04.2025;10:00;1012.0;;97.0;;2.07;;
27.04.2025;11:00;1012.0;;99.6;;2.09;;
27.04.2025;12:00;1012.0;;114.3;;1.53;;
27.04.2025;13:00;1012.0;;101.8;;1.44;;
27.04.2025;14:00;1011.8;;86.9;;1.47;;
27.04.2025;15:00;1011.1;;101.1;;1.23;;
27.04.2025;16:00;1011.0;;96.6;;1.12;;
27.04.2025;17:00;1011.0;;92.3;;1.43;;
27.04.2025;18:00;1011.0;;85.7;;1.40;;
27.04.2025;19:00;1011.0;;78.6;;1.40;;
27.04.2025;20:00;1011.2;;96.5;;0.94;;
27.04.2025;21:00;1012.0;;116.1;;0.59;;
27.04.2025;22:00;1012.0;;120.2;;0.57;;
27.04.2025;23:00;1012.1;;123.0;;0.35;;
28.04.2025;00:00;1012.8;;110.8;;0.22;;
28.04.2025;01:00;1012.3;;142.0;;0.46;;
28.04.2025;02:00;1012.0;;112.4;;0.40;;
28.04.2025;03:00;1012.0;;171.2;;0.62;;
28.04.2025;04:00;1012.2;;92.3;;0.40;;
28.04.2025;05:00;1012.0;;119.2;;0.23;;
28.04.2025;06:00;1012.2;;94.2;;0.55;;
28.04.2025;07:00;1013.0;;69.3;;0.41;;
28.04.2025;08:00;1013.0;;47.6;;0.29;;
28.04.2025;09:00;1013.1;;44.4;;0.57;;
28.04.2025;10:00;1013.3;;92.9;;0.89;;
28.04.2025;11:00;1013.2;;61.2;;1.08;;
28.04.2025;12:00;1013.0;;80.4;;0.73;;
28.04.2025;13:00;1013.0;;27.0;;0.52;;
28.04.2025;14:00;1012.9;;347.0;;0.63;;
28.04.2025;15:00;1012.2;;347.3;;0.85;;
28.04.2025;16:00;1012.0;;25.6;;0.85;;
28.04.2025;17:00;1012.0;;21.2;;0.75;;
28.04.2025;18:00;1012.0;;7.8;;1.08;;
28.04.2025;19:00;1012.0;;351.9;;0.99;;
28.04.2025;20:00;1012.0;;349.0;;1.02;;
28.04.2025;21:00;1012.8;;18.6;;0.67;;
28.04.2025;22:00;1013.0;;93.9;;0.62;;
28.04.2025;23:00;1013.0;;111.0;;0.57;;
29.04.2025;00:00;1013.0;;119.8;;0.35;;
29.04.2025;01:00;1013.0;;94.6;;0.07;;
29.04.2025;02:00;1013.0;;112.6;;0.29;;
29.04.2025;03:00;1013.0;;136.5;;0.34;;
29.04.2025;04:00;1013.0;;127.3;;0.15;;
29.04.2025;05:00;1013.0;;224.4;;0.08;;
29.04.2025;06:00;1013.0;;265.1;;0.23;;
29.04.2025;07:00;1013.5;;88.9;;0.18;;
29.04.2025;08:00;1014.0;;35.7;;0.26;;
29.04.2025;09:00;1014.0;;67.8;;0.24;;
29.04.2025;10:00;1014.0;;327.3;;0.30;;
29.04.2025;11:00;1013.8;;348.4;;0.51;;
29.04.2025;12:00;1013.0;;335.5;;0.37;;
29.04.2025;13:00;1013.0;;336.6;;0.43;;
29.04.2025;14:00;1012.8;;8.1;;0.52;;
29.04.2025;15:00;1012.0;;348.3;;0.58;;
29.04.2025;16:00;1011.9;;345.1;;0.84;;
29.04.2025;17:00;1011.2;;5.7;;0.84;;
29.04.2025;18:00;1011.0;;17.3;;1.07;;
29.04.2025;19:00;1011.0;;26.5;;1.09;;
29.04.2025;20:00;1011.0;;28.0;;1.05;;
29.04.2025;21:00;1011.2;;57.3;;1.34;;
29.04.2025;22:00;1012.0;;65.2;;1.17;;
29.04.2025;23:00;1012.0;;61.0;;1.27;;
30.04.2025;00:00;1012.0;;76.4;;1.03;;
30.04.2025;01:00;1012.0;;91.9;;0.71;;
30.04.2025;02:00;1012.0;;93.8;;0.55;;
30.04.2025;03:00;1011.8;;115.8;;0.66;;
30.04.2025;04:00;1011.0;;84.9;;0.87;;
30.04.2025;05:00;1011.0;;93.4;;0.90;;
30.04.2025;06:00;1011.0;;98.7;;0.61;;
30.04.2025;07:00;1011.0;;84.3;;1.12;;
30.04.2025;08:00;1011.0;;87.5;;1.31;;
30.04.2025;09:00;1011.0;;93.8;;1.47;;
30.04.2025;10:00;1011.0;;93.0;;1.47;;
30.04.2025;11:00;1011.0;;94.4;;1.18;;
30.04.2025;12:00;1010.8;;90.6;;0.96;;
30.04.2025;13:00;1010.0;;91.2;;1.28;;
30.04.2025;14:00;1010.0;;90.7;;0.99;;
30.04.2025;15:00;1009.4;;87.5;;1.00;;
30.04.2025;16:00;1009.0;;65.9;;1.30;;
30.04.2025;17:00;1008.0;;90.7;;1.12;;
30.04.2025;18:00;1008.0;;65.5;;1.41;;
30.04.2025;19:00;1008.0;;86.6;;1.45;;
30.04.2025;20:00;1008.0;;106.9;;0.92;;
30.04.2025;21:00;1008.0;;123.2;;0.71;;
30.04.2025;22:00;1008.0;;108.8;;0.69;;
30.04.2025;23:00;1008.0;;118.5;;0.64;;
01.05.2025;00:00;1008.0;;109.0;;0.77;;
01.05.2025;01:00;1008.0;;102.8;;0.45;;
01.05.2025;02:00;1007.7;;84.7;;0.45;;
01.05.2025;03:00;1007.2;;91.1;;0.74;;
01.05.2025;04:00;1007.0;;107.4;;0.74;;
01.05.2025;05:00;1007.0;;126.3;;0.60;;
01.05.2025;06:00;1007.0;;95.6;;1.03;;
01.05.2025;07:00;1007.0;;83.4;;1.10;;
01.05.2025;08:00;1007.0;;92.6;;1.63;;
01.05.2025;09:00;1007.0;;94.1;;1.59;;
01.05.2025;10:00;1007.0;;113.2;;0.93;;
01.05.2025;11:00;1006.0;;164.5;;1.10;;
01.05.2025;12:00;1006.0;;183.7;;0.65;;
01.05.2025;13:00;1005.1;;194.1;;0.52;;
01.05.2025;14:00;1005.0;;185.5;;0.75;;
01.05.2025;15:00;1004.2;;206.6;;0.64;;
01.05.2025;16:00;1003.8;;196.9;;0.44;;
01.05.2025;17:00;1003.0;;169.2;;0.82;;
01.05.2025;18:00;1002.5;;281.5;;0.29;;
01.05.2025;19:00;1002.0;;206.8;;0.14;;
01.05.2025;20:00;1002.0;;177.5;;0.50;;
01.05.2025;21:00;1002.0;;117.3;;0.44;;
01.05.2025;22:00;1002.0;;98.9;;0.21;;
01.05.2025;23:00;1001.9;;127.2;;0.48;;
02.05.2025;00:00;1001.0;;138.6;;0.31;;
02.05.2025;01:00;1001.0;;140.2;;0.20;;
02.05.2025;02:00;1001.0;;175.1;;0.75;;
02.05.2025;03:00;1001.0;;85.9;;0.68;;
02.05.2025;04:00;1000.8;;33.4;;0.36;;
02.05.2025;05:00;1000.3;;133.7;;0.60;;
02.05.2025;06:00;1000.6;;168.4;;0.46;;
02.05.2025;07:00;1001.0;;328.2;;0.09;;
02.05.2025;08:00;1001.0;;168.4;;0.42;;
02.05.2025;09:00;1001.0;;189.8;;0.51;;
02.05.2025;10:00;1001.0;;197.7;;0.23;;
02.05.2025;11:00;1000.2;;199.7;;0.26;;
02.05.2025;12:00;1000.0;;292.7;;0.23;;
02.05.2025;13:00;999.8;;285.4;;0.29;;
02.05.2025;14:00;999.4;;273.8;;0.48;;
02.05.2025;15:00;1000.2;;329.5;;1.31;;
02.05.2025;16:00;1000.0;;24.8;;1.10;;
02.05.2025;17:00;999.7;;37.2;;1.06;;
02.05.2025;18:00;999.0;;44.7;;0.80;;
02.05.2025;19:00;999.6;;0.6;;1.03;;
02.05.2025;20:00;1000.0;;355.0;;0.89;;
02.05.2025;21:00;1000.3;;17.2;;1.00;;
02.05.2025;22:00;1001.0;;43.1;;1.32;;
02.05.2025;23:00;1001.0;;26.5;;1.03;;
03.05.2025;00:00;1001.0;;35.5;;1.20;;
03.05.2025;01:00;1001.0;;30.5;;0.97;;
03.05.2025;02:00;1001.0;;48.0;;1.16;;
03.05.2025;03:00;1001.0;;70.3;;0.93;;
03.05.2025;04:00;1000.5;;50.2;;0.84;;
03.05.2025;05:00;1000.0;;65.7;;0.76;;
03.05.2025;06:00;999.6;;84.3;;0.99;;
03.05.2025;07:00;999.0;;87.1;;1.22;;
03.05.2025;08:00;999.0;;94.1;;1.44;;
03.05.2025;09:00;998.8;;69.2;;1.23;;
03.05.2025;10:00;998.3;;65.1;;1.15;;
03.05.2025;11:00;997.8;;99.9;;1.02;;
03.05.2025;12:00;996.9;;98.0;;0.62;;
03.05.2025;13:00;995.9;;12.8;;0.45;;
03.05.2025;14:00;995.4;;336.3;;0.69;;
03.05.2025;15:00;994.7;;328.0;;1.23;;
03.05.2025;16:00;994.4;;318.3;;1.27;;
03.05.2025;17:00;994.1;;325.9;;1.48;;
03.05.2025;18:00;994.1;;325.4;;1.78;;
03.05.2025;19:00;994.0;;320.6;;1.53;;
03.05.2025;20:00;994.2;;317.7;;1.49;;
03.05.2025;21:00;995.1;;317.8;;1.59;;
03.05.2025;22:00;996.0;;328.0;;2.12;;
03.05.2025;23:00;996.6;;323.6;;1.24;;
04.05.2025;00:00;997.0;;313.0;;0.71;;
04.05.2025;01:00;997.2;;285.3;;0.37;;
04.05.2025;02:00;997.2;;256.6;;0.28;;
04.05.2025;03:00;997.4;;275.1;;0.37;;
04.05.2025;04:00;997.5;;272.0;;0.32;;
04.05.2025;05:00;997.5;;269.9;;0.34;;
04.05.2025;06:00;997.8;;294.5;;0.38;;
04.05.2025;07:00;998.2;;309.9;;0.71;;
04.05.2025;08:00;998.5;;314.7;;0.74;;
04.05.2025;09:00;998.7;;319.5;;1.03;;
04.05.2025;10:00;999.0;;321.8;;1.08;;
04.05.2025;11:00;999.0;;313.8;;1.17;;
04.05.2025;12:00;999.0;;320.6;;1.12;;
04.05.2025;13:00;999.0;;321.5;;1.35;;
04.05.2025;14:00;999.0;;329.6;;1.59;;
04.05.2025;15:00;999.0;;322.8;;1.43;;
04.05.2025;16:00;999.0;;324.4;;1.33;;
04.05.2025;17:00;999.0;;328.3;;1.14;;
04.05.2025;18:00;999.1;;329.9;;1.41;;
04.05.2025;19:00;999.7;;336.7;;1.10;;
04.05.2025;20:00;1000.0;;348.6;;1.19;;
04.05.2025;21:00;1000.8;;356.0;;1.08;;
04.05.2025;22:00;1001.0;;352.5;;0.79;;
04.05.2025;23:00;1001.0;;348.9;;0.77;;
05.05.2025;00:00;1001.9;;348.7;;0.64;;
05.05.2025;01:00;1002.0;;69.3;;0.51;;
05.05.2025;02:00;1002.0;;40.2;;0.29;;
05.05.2025;03:00;1002.0;;316.7;;0.24;;
05.05.2025;04:00;1002.1;;256.8;;0.32;;
05.05.2025;05:00;1003.0;;264.8;;0.31;;
05.05.2025;06:00;1003.0;;264.5;;0.21;;
05.05.2025;07:00;1003.0;;316.1;;0.19;;
05.05.2025;08:00;1003.2;;20.2;;0.34;;
05.05.2025;09:00;1004.0;;49.5;;1.47;;
05.05.2025;10:00;1004.0;;31.7;;1.51;;
05.05.2025;11:00;1004.0;;42.8;;2.05;;
05.05.2025;12:00;1004.0;;47.5;;1.73;;
05.05.2025;13:00;1004.0;;45.4;;1.49;;
05.05.2025;14:00;1004.0;;51.2;;1.50;;
05.05.2025;15:00;1004.0;;59.9;;1.36;;
05.05.2025;16:00;1004.0;;63.6;;2.00;;
05.05.2025;17:00;1004.0;;92.0;;1.87;;
05.05.2025;18:00;1004.0;;81.4;;2.19;;
05.05.2025;19:00;1004.2;;71.8;;1.76;;
05.05.2025;20:00;1005.0;;56.7;;1.70;;
05.05.2025;21:00;1005.1;;40.0;;1.35;;
05.05.2025;22:00;1006.0;;39.0;;0.97;;
05.05.2025;23:00;1006.0;;57.8;;0.78;;
06.05.2025;00:00;1006.1;;42.8;;0.64;;
06.05.2025;01:00;1006.0;;139.3;;0.35;;
06.05.2025;02:00;1006.0;;35.8;;0.55;;
06.05.2025;03:00;1006.0;;355.4;;0.48;;
06.05.2025;04:00;1006.1;;6.5;;0.42;;
06.05.2025;05:00;1006.9;;293.4;;0.32;;
06.05.2025;06:00;1007.0;;273.7;;0.26;;
06.05.2025;07:00;1007.0;;346.7;;0.58;;
06.05.2025;08:00;1007.0;;18.0;;0.95;;
06.05.2025;09:00;1007.0;;7.2;;0.72;;
06.05.2025;10:00;1007.0;;345.2;;1.07;;
06.05.2025;11:00;1007.0;;354.1;;1.13;;
06.05.2025;12:00;1007.0;;350.7;;1.30;;
06.05.2025;13:00;1006.3;;343.0;;1.17;;
06.05.2025;14:00;1006.0;;340.3;;1.19;;
06.05.2025;15:00;1005.3;;333.4;;1.34;;
06.05.2025;16:00;1005.0;;340.9;;1.47;;
06.05.2025;17:00;1005.0;;345.1;;1.45;;
06.05.2025;18:00;1005.3;;342.6;;1.38;;
06.05.2025;19:00;1006.0;;346.2;;1.24;;
06.05.2025;20:00;1006.0;;341.4;;1.25;;
06.05.2025;21:00;1006.3;;333.4;;0.92;;
06.05.2025;22:00;1007.0;;336.9;;0.86;;
06.05.2025;23:00;1007.0;;351.6;;0.84;;
07.05.2025;00:00;1007.0;;356.0;;0.84;;
07.05.2025;01:00;1007.0;;348.8;;0.65;;
07.05.2025;02:00;1007.0;;322.6;;0.41;;
07.05.2025;03:00;1007.0;;299.2;;0.19;;
07.05.2025;04:00;1007.0;;301.9;;0.23;;
07.05.2025;05:00;1007.0;;326.9;;0.60;;
07.05.2025;06:00;1007.0;;332.8;;0.68;;
07.05.2025;07:00;1007.0;;328.8;;0.49;;
07.05.2025;08:00;1007.0;;335.7;;0.65;;
07.05.2025;09:00;1007.0;;11.6;;0.60;;
07.05.2025;10:00;1007.0;;43.9;;1.03;;
07.05.2025;11:00;1007.0;;71.5;;0.94;;
07.05.2025;12:00;1007.0;;62.9;;1.00;;
07.05.2025;13:00;1006.5;;82.1;;1.42;;
07.05.2025;14:00;1006.0;;70.0;;1.51;;
07.05.2025;15:00;1005.8;;80.7;;1.79;;
07.05.2025;16:00;1005.0;;91.0;;1.65;;
07.05.2025;17:00;1005.0;;77.9;;1.69;;
07.05.2025;18:00;1005.0;;80.3;;1.81;;
07.05.2025;19:00;1005.0;;81.8;;2.05;;
07.05.2025;20:00;1005.0;;103.2;;1.56;;
07.05.2025;21:00;1005.0;;112.2;;0.95;;
07.05.2025;22:00;1005.0;;122.4;;0.70;;
07.05.2025;23:00;1005.0;;118.8;;0.64;;
08.05.2025;00:00;1005.9;;111.0;;0.63;;
08.05.2025;01:00;1006.0;;104.4;;0.88;;
08.05.2025;02:00;1005.2;;100.0;;0.77;;
08.05.2025;03:00;1005.0;;117.7;;0.44;;
08.05.2025;04:00;1005.0;;134.8;;0.55;;
08.05.2025;05:00;1005.0;;106.1;;0.53;;
08.05.2025;06:00;1005.0;;115.3;;0.60;;
08.05.2025;07:00;1005.6;;89.4;;0.76;;
08.05.2025;08:00;1006.0;;84.7;;1.17;;
08.05.2025;09:00;1006.0;;91.6;;1.16;;
08.05.2025;10:00;1006.0;;83.0;;1.73;;
08.05.2025;11:00;1006.0;;72.0;;2.09;;
08.05.2025;12:00;1005.4;;78.7;;2.10;;
08.05.2025;13:00;1005.0;;89.1;;1.75;;
08.05.2025;14:00;1005.0;;80.0;;2.13;;
08.05.2025;15:00;1005.0;;84.6;;2.54;;
08.05.2025;16:00;1005.0;;94.1;;2.71;;
08.05.2025;17:00;1005.0;;81.8;;2.95;;
08.05.2025;18:00;1005.0;;91.1;;2.44;;
08.05.2025;19:00;1005.0;;85.8;;1.74;;
08.05.2025;20:00;1005.6;;112.9;;1.05;;
08.05.2025;21:00;1006.0;;145.7;;0.75;;
08.05.2025;22:00;1006.0;;129.4;;0.50;;
08.05.2025;23:00;1006.5;;133.1;;0.18;;
09.05.2025;00:00;1007.0;;105.0;;0.16;;
09.05.2025;01:00;1007.0;;249.4;;0.39;;
09.05.2025;02:00;1007.0;;150.3;;0.17;;
09.05.2025;03:00;1007.0;;293.1;;0.07;;
09.05.2025;04:00;1007.0;;133.7;;0.21;;
09.05.2025;05:00;1007.0;;79.1;;0.12;;
09.05.2025;06:00;1007.1;;137.9;;0.03;;
09.05.2025;07:00;1008.0;;63.3;;0.29;;
09.05.2025;08:00;1008.0;;72.7;;0.50;;
09.05.2025;09:00;1008.0;;81.0;;0.73;;
09.05.2025;10:00;1008.0;;70.9;;0.76;;
09.05.2025;11:00;1008.0;;73.4;;1.33;;
09.05.2025;12:00;1008.0;;87.7;;1.46;;
09.05.2025;13:00;1008.0;;90.0;;1.27;;
09.05.2025;14:00;1008.0;;97.5;;1.07;;
09.05.2025;15:00;1007.2;;93.2;;1.22;;
09.05.2025;16:00;1007.0;;78.1;;1.10;;
09.05.2025;17:00;1007.0;;83.6;;1.58;;
09.05.2025;18:00;1007.0;;114.4;;1.22;;
09.05.2025;19:00;1006.8;;95.8;;1.20;;
09.05.2025;20:00;1007.0;;138.8;;0.85;;
09.05.2025;21:00;1007.0;;162.4;;0.97;;
09.05.2025;22:00;1007.9;;63.0;;0.96;;
09.05.2025;23:00;1008.0;;67.6;;1.00;;
10.05.2025;00:00;1008.9;;69.2;;0.91;;
10.05.2025;01:00;1009.0;;104.0;;0.54;;
10.05.2025;02:00;1008.9;;104.8;;0.51;;
10.05.2025;03:00;1008.6;;95.4;;0.47;;
10.05.2025;04:00;1008.3;;91.6;;0.32;;
10.05.2025;05:00;1008.3;;120.1;;0.50;;
10.05.2025;06:00;1008.6;;131.4;;0.52;;
10.05.2025;07:00;1009.0;;63.7;;0.66;;
10.05.2025;08:00;1009.0;;74.7;;1.14;;
10.05.2025;09:00;1009.0;;83.1;;1.33;;
10.05.2025;10:00;1009.0;;90.5;;1.20;;
10.05.2025;11:00;1008.2;;44.1;;0.74;;
10.05.2025;12:00;1008.0;;57.0;;0.74;;
10.05.2025;13:00;1007.3;;72.7;;0.97;;
10.05.2025;14:00;1007.0;;76.8;;1.10;;
10.05.2025;15:00;1006.4;;66.4;;1.34;;
10.05.2025;16:00;1006.0;;65.7;;1.31;;
10.05.2025;17:00;1005.8;;77.7;;1.69;;
10.05.2025;18:00;1005.0;;76.0;;1.75;;
10.05.2025;19:00;1005.0;;82.1;;1.94;;
10.05.2025;20:00;1005.0;;79.2;;1.55;;
10.05.2025;21:00;1005.0;;104.7;;0.84;;
10.05.2025;22:00;1005.0;;94.5;;1.28;;
10.05.2025;23:00;1005.0;;77.6;;0.96;;
11.05.2025;00:00;1005.0;;86.5;;1.01;;
11.05.2025;01:00;1005.0;;108.1;;0.50;;
11.05.2025;02:00;1005.0;;131.0;;0.39;;
11.05.2025;03:00;1005.0;;99.8;;0.42;;
11.05.2025;04:00;1005.0;;78.3;;0.54;;
11.05.2025;05:00;1004.4;;52.6;;0.44;;
11.05.2025;06:00;1004.0;;61.2;;0.81;;
11.05.2025;07:00;1004.0;;58.7;;0.83;;
11.05.2025;08:00;1004.0;;86.4;;1.41;;
11.05.2025;09:00;1004.0;;94.8;;1.63;;
11.05.2025;10:00;1004.0;;95.8;;1.70;;
11.05.2025;11:00;1003.0;;110.0;;1.85;;
11.05.2025;12:00;1002.9;;110.3;;2.10;;
11.05.2025;13:00;1002.0;;129.8;;1.81;;
11.05.2025;14:00;1002.0;;120.1;;1.91;;
11.05.2025;15:00;1001.0;;109.7;;1.84;;
11.05.2025;16:00;1000.9;;125.3;;1.71;;
11.05.2025;17:00;1000.1;;94.4;;2.14;;
11.05.2025;18:00;1000.0;;110.3;;1.71;;
11.05.2025;19:00;1000.0;;102.3;;1.71;;
11.05.2025;20:00;1000.0;;95.1;;2.14;;
11.05.2025;21:00;1000.0;;98.8;;2.01;;
11.05.2025;22:00;1000.1;;102.7;;1.80;;
11.05.2025;23:00;1000.9;;102.1;;1.91;;
12.05.2025;00:00;1001.0;;101.1;;1.89;;
12.05.2025;01:00;1001.0;;103.3;;1.65;;
12.05.2025;02:00;1001.0;;108.2;;1.19;;
12.05.2025;03:00;1001.0;;109.1;;0.67;;
12.05.2025;04:00;1001.0;;100.7;;0.90;;
12.05.2025;05:00;1001.8;;93.5;;1.64;;
12.05.2025;06:00;1002.0;;90.0;;1.72;;
12.05.2025;07:00;1002.0;;93.7;;2.18;;
12.05.2025;08:00;1002.0;;99.9;;2.10;;
12.05.2025;09:00;1002.3;;97.8;;2.34;;
12.05.2025;10:00;1002.9;;102.0;;2.08;;
12.05.2025;11:00;1002.3;;108.4;;2.82;;
12.05.2025;12:00;1002.0;;105.3;;2.75;;
12.05.2025;13:00;1002.0;;79.1;;2.45;;
12.05.2025;14:00;1002.0;;89.1;;2.64;;
12.05.2025;15:00;1002.0;;88.3;;2.58;;
12.05.2025;16:00;1002.0;;84.6;;2.72;;
12.05.2025;17:00;1002.0;;86.9;;3.06;;
12.05.2025;18:00;1002.0;;83.9;;2.82;;
12.05.2025;19:00;1002.0;;77.2;;3.06;;
12.05.2025;20:00;1002.0;;83.9;;2.60;;
12.05.2025;21:00;1002.8;;97.1;;2.03;;
12.05.2025;22:00;1003.1;;99.6;;1.74;;
12.05.2025;23:00;1004.0;;94.5;;2.03;;
13.05.2025;00:00;1004.0;;92.9;;1.86;;
13.05.2025;01:00;1004.1;;90.1;;1.68;;
13.05.2025;02:00;1005.0;;78.1;;1.46;;
13.05.2025;03:00;1005.0;;81.7;;1.76;;
13.05.2025;04:00;1005.1;;92.5;;1.35;;
13.05.2025;05:00;1005.5;;83.7;;0.62;;
13.05.2025;06:00;1006.0;;75.5;;0.78;;
13.05.2025;07:00;1006.0;;80.9;;1.16;;
13.05.2025;08:00;1006.1;;86.6;;1.45;;
13.05.2025;09:00;1006.6;;87.5;;1.71;;
13.05.2025;10:00;1007.0;;107.3;;1.82;;
13.05.2025;11:00;1007.0;;113.9;;1.86;;
13.05.2025;12:00;1006.3;;84.3;;2.47;;
13.05.2025;13:00;1006.0;;94.5;;2.37;;
13.05.2025;14:00;1006.0;;110.1;;2.18;;
13.05.2025;15:00;1005.7;;90.0;;2.01;;
13.05.2025;16:00;1005.0;;81.0;;2.24;;
13.05.2025;17:00;1005.0;;81.4;;2.00;;
13.05.2025;18:00;1005.0;;81.5;;1.66;;
13.05.2025;19:00;1005.0;;83.3;;2.27;;
13.05.2025;20:00;1005.0;;87.7;;1.58;;
13.05.2025;21:00;1005.0;;110.6;;0.83;;
13.05.2025;22:00;1005.0;;140.1;;0.70;;
13.05.2025;23:00;1005.0;;90.2;;0.45;;
14.05.2025;00:00;1005.0;;61.4;;0.34;;
14.05.2025;01:00;1005.0;;133.0;;0.22;;
14.05.2025;02:00;1005.0;;230.6;;0.16;;
14.05.2025;03:00;1005.0;;245.1;;0.21;;
14.05.2025;04:00;1005.0;;253.9;;0.14;;
14.05.2025;05:00;1005.0;;219.1;;0.19;;
14.05.2025;06:00;1005.0;;307.4;;0.23;;
14.05.2025;07:00;1005.0;;27.3;;0.33;;
14.05.2025;08:00;1005.0;;19.1;;0.72;;
14.05.2025;09:00;1005.0;;10.0;;0.75;;
14.05.2025;10:00;1005.0;;0.6;;0.92;;
14.05.2025;11:00;1004.1;;327.1;;1.00;;
14.05.2025;12:00;1004.0;;334.3;;1.22;;
14.05.2025;13:00;1003.8;;329.0;;1.21;;
14.05.2025;14:00;1003.0;;320.2;;1.09;;
14.05.2025;15:00;1003.0;;318.8;;1.17;;
14.05.2025;16:00;1002.5;;323.7;;1.72;;
14.05.2025;17:00;1002.0;;329.5;;1.63;;
14.05.2025;18:00;1002.0;;327.6;;1.89;;
14.05.2025;19:00;1002.0;;325.7;;1.49;;
14.05.2025;20:00;1002.0;;330.9;;1.47;;
14.05.2025;21:00;1002.0;;330.9;;1.42;;
14.05.2025;22:00;1002.8;;328.6;;1.79;;
14.05.2025;23:00;1003.0;;330.5;;1.62;;
15.05.2025;00:00;1003.0;;324.0;;0.98;;